date,id,name,variable,value
1986-01-01T07:00:00Z,missoula,Missoula,AFG,1.8455705
1986-01-01T07:00:00Z,missoula,Missoula,BGR,1.8282223
1986-01-01T07:00:00Z,missoula,Missoula,LTR,5.0226731
1986-01-01T07:00:00Z,missoula,Missoula,PFG,24.2411651
1986-01-01T07:00:00Z,missoula,Missoula,SHR,3.9579775
1986-01-01T07:00:00Z,missoula,Missoula,TRE,33.1572831
1986-01-01T07:00:00Z,miles-city,Miles City,AFG,9.467307
1986-01-01T07:00:00Z,miles-city,Miles City,BGR,22.2093202
1986-01-01T07:00:00Z,miles-city,Miles City,LTR,6.7239254
1986-01-01T07:00:00Z,miles-city,Miles City,PFG,38.6173649
1986-01-01T07:00:00Z,miles-city,Miles City,SHR,7.2186746
1986-01-01T07:00:00Z,miles-city,Miles City,TRE,1.1256584
1986-01-01T07:00:00Z,lewistown,Lewistown,AFG,8.5876837
1986-01-01T07:00:00Z,lewistown,Lewistown,BGR,11.2694067
1986-01-01T07:00:00Z,lewistown,Lewistown,LTR,6.9596177
1986-01-01T07:00:00Z,lewistown,Lewistown,PFG,38.6006271
1986-01-01T07:00:00Z,lewistown,Lewistown,SHR,6.3732208
1986-01-01T07:00:00Z,lewistown,Lewistown,TRE,7.6037033
1986-01-01T07:00:00Z,malta,Malta,AFG,6.6052359
1986-01-01T07:00:00Z,malta,Malta,BGR,18.0186053
1986-01-01T07:00:00Z,malta,Malta,LTR,5.4761555
1986-01-01T07:00:00Z,malta,Malta,PFG,38.4678751
1986-01-01T07:00:00Z,malta,Malta,SHR,6.3847697
1986-01-01T07:00:00Z,malta,Malta,TRE,1.8243614
1986-01-01T07:00:00Z,butte,Butte,AFG,3.2580496
1986-01-01T07:00:00Z,butte,Butte,BGR,6.5091754
1986-01-01T07:00:00Z,butte,Butte,LTR,8.3220744
1986-01-01T07:00:00Z,butte,Butte,PFG,33.3178074
1986-01-01T07:00:00Z,butte,Butte,SHR,8.048307
1986-01-01T07:00:00Z,butte,Butte,TRE,18.2084312
1986-01-01T07:00:00Z,billings,Billings,AFG,9.4119358
1986-01-01T07:00:00Z,billings,Billings,BGR,15.9076406
1986-01-01T07:00:00Z,billings,Billings,LTR,9.0186093
1986-01-01T07:00:00Z,billings,Billings,PFG,37.939567
1986-01-01T07:00:00Z,billings,Billings,SHR,8.657588
1986-01-01T07:00:00Z,billings,Billings,TRE,4.6923973
1986-01-01T07:00:00Z,dillon,Dillon,AFG,3.1171752
1986-01-01T07:00:00Z,dillon,Dillon,BGR,7.0584807
1986-01-01T07:00:00Z,dillon,Dillon,LTR,8.4821704
1986-01-01T07:00:00Z,dillon,Dillon,PFG,41.005561
1986-01-01T07:00:00Z,dillon,Dillon,SHR,9.955351
1986-01-01T07:00:00Z,dillon,Dillon,TRE,13.3962447
1987-01-01T07:00:00Z,missoula,Missoula,AFG,1.8482522
1987-01-01T07:00:00Z,missoula,Missoula,BGR,1.92331
1987-01-01T07:00:00Z,missoula,Missoula,LTR,5.1775716
1987-01-01T07:00:00Z,missoula,Missoula,PFG,23.2011709
1987-01-01T07:00:00Z,missoula,Missoula,SHR,3.6750249
1987-01-01T07:00:00Z,missoula,Missoula,TRE,29.0019916
1987-01-01T07:00:00Z,miles-city,Miles City,AFG,9.9543926
1987-01-01T07:00:00Z,miles-city,Miles City,BGR,18.9988864
1987-01-01T07:00:00Z,miles-city,Miles City,LTR,7.0442335
1987-01-01T07:00:00Z,miles-city,Miles City,PFG,39.9752211
1987-01-01T07:00:00Z,miles-city,Miles City,SHR,7.4071513
1987-01-01T07:00:00Z,miles-city,Miles City,TRE,1.4826446
1987-01-01T07:00:00Z,lewistown,Lewistown,AFG,6.8942844
1987-01-01T07:00:00Z,lewistown,Lewistown,BGR,10.7044831
1987-01-01T07:00:00Z,lewistown,Lewistown,LTR,7.76579
1987-01-01T07:00:00Z,lewistown,Lewistown,PFG,36.8699364
1987-01-01T07:00:00Z,lewistown,Lewistown,SHR,6.4627784
1987-01-01T07:00:00Z,lewistown,Lewistown,TRE,8.0147238
1987-01-01T07:00:00Z,malta,Malta,AFG,6.3038285
1987-01-01T07:00:00Z,malta,Malta,BGR,15.6129263
1987-01-01T07:00:00Z,malta,Malta,LTR,6.2730735
1987-01-01T07:00:00Z,malta,Malta,PFG,37.4124703
1987-01-01T07:00:00Z,malta,Malta,SHR,6.4499569
1987-01-01T07:00:00Z,malta,Malta,TRE,1.8531962
1987-01-01T07:00:00Z,butte,Butte,AFG,2.8065265
1987-01-01T07:00:00Z,butte,Butte,BGR,6.2355584
1987-01-01T07:00:00Z,butte,Butte,LTR,8.5127654
1987-01-01T07:00:00Z,butte,Butte,PFG,31.7380623
1987-01-01T07:00:00Z,butte,Butte,SHR,7.9312012
1987-01-01T07:00:00Z,butte,Butte,TRE,18.5769271
1987-01-01T07:00:00Z,billings,Billings,AFG,8.2623736
1987-01-01T07:00:00Z,billings,Billings,BGR,16.4782522
1987-01-01T07:00:00Z,billings,Billings,LTR,10.2115248
1987-01-01T07:00:00Z,billings,Billings,PFG,35.6557541
1987-01-01T07:00:00Z,billings,Billings,SHR,9.0821908
1987-01-01T07:00:00Z,billings,Billings,TRE,5.4351497
1987-01-01T07:00:00Z,dillon,Dillon,AFG,3.0020858
1987-01-01T07:00:00Z,dillon,Dillon,BGR,6.864632
1987-01-01T07:00:00Z,dillon,Dillon,LTR,8.8122206
1987-01-01T07:00:00Z,dillon,Dillon,PFG,40.5034719
1987-01-01T07:00:00Z,dillon,Dillon,SHR,10.6097143
1987-01-01T07:00:00Z,dillon,Dillon,TRE,12.5882124
1988-01-01T07:00:00Z,missoula,Missoula,AFG,2.1345582
1988-01-01T07:00:00Z,missoula,Missoula,BGR,2.2269244
1988-01-01T07:00:00Z,missoula,Missoula,LTR,5.357195
1988-01-01T07:00:00Z,missoula,Missoula,PFG,23.0029896
1988-01-01T07:00:00Z,missoula,Missoula,SHR,4.0200608
1988-01-01T07:00:00Z,missoula,Missoula,TRE,29.1210757
1988-01-01T07:00:00Z,miles-city,Miles City,AFG,4.7345438
1988-01-01T07:00:00Z,miles-city,Miles City,BGR,22.1797257
1988-01-01T07:00:00Z,miles-city,Miles City,LTR,9.316842
1988-01-01T07:00:00Z,miles-city,Miles City,PFG,39.8303051
1988-01-01T07:00:00Z,miles-city,Miles City,SHR,7.0425165
1988-01-01T07:00:00Z,miles-city,Miles City,TRE,1.7171201
1988-01-01T07:00:00Z,lewistown,Lewistown,AFG,4.780927
1988-01-01T07:00:00Z,lewistown,Lewistown,BGR,12.3991876
1988-01-01T07:00:00Z,lewistown,Lewistown,LTR,8.8220073
1988-01-01T07:00:00Z,lewistown,Lewistown,PFG,37.5012661
1988-01-01T07:00:00Z,lewistown,Lewistown,SHR,5.8958257
1988-01-01T07:00:00Z,lewistown,Lewistown,TRE,7.6814039
1988-01-01T07:00:00Z,malta,Malta,AFG,2.9959469
1988-01-01T07:00:00Z,malta,Malta,BGR,20.4126716
1988-01-01T07:00:00Z,malta,Malta,LTR,7.7343035
1988-01-01T07:00:00Z,malta,Malta,PFG,39.1622511
1988-01-01T07:00:00Z,malta,Malta,SHR,5.9211874
1988-01-01T07:00:00Z,malta,Malta,TRE,1.6932099
1988-01-01T07:00:00Z,butte,Butte,AFG,2.8308386
1988-01-01T07:00:00Z,butte,Butte,BGR,6.5342489
1988-01-01T07:00:00Z,butte,Butte,LTR,8.9569208
1988-01-01T07:00:00Z,butte,Butte,PFG,31.5733941
1988-01-01T07:00:00Z,butte,Butte,SHR,7.4524065
1988-01-01T07:00:00Z,butte,Butte,TRE,16.7922202
1988-01-01T07:00:00Z,billings,Billings,AFG,6.7819724
1988-01-01T07:00:00Z,billings,Billings,BGR,16.356902
1988-01-01T07:00:00Z,billings,Billings,LTR,9.6711475
1988-01-01T07:00:00Z,billings,Billings,PFG,38.8021749
1988-01-01T07:00:00Z,billings,Billings,SHR,8.2578177
1988-01-01T07:00:00Z,billings,Billings,TRE,5.0842962
1988-01-01T07:00:00Z,dillon,Dillon,AFG,3.0442107
1988-01-01T07:00:00Z,dillon,Dillon,BGR,7.4303441
1988-01-01T07:00:00Z,dillon,Dillon,LTR,9.7667118
1988-01-01T07:00:00Z,dillon,Dillon,PFG,39.9046936
1988-01-01T07:00:00Z,dillon,Dillon,SHR,9.3155629
1988-01-01T07:00:00Z,dillon,Dillon,TRE,11.9382085
1989-01-01T07:00:00Z,missoula,Missoula,AFG,1.6339184
1989-01-01T07:00:00Z,missoula,Missoula,BGR,2.1822555
1989-01-01T07:00:00Z,missoula,Missoula,LTR,4.8969333
1989-01-01T07:00:00Z,missoula,Missoula,PFG,22.9172451
1989-01-01T07:00:00Z,missoula,Missoula,SHR,4.0033339
1989-01-01T07:00:00Z,missoula,Missoula,TRE,32.8471665
1989-01-01T07:00:00Z,miles-city,Miles City,AFG,7.5568215
1989-01-01T07:00:00Z,miles-city,Miles City,BGR,21.8080271
1989-01-01T07:00:00Z,miles-city,Miles City,LTR,6.0654618
1989-01-01T07:00:00Z,miles-city,Miles City,PFG,42.8209811
1989-01-01T07:00:00Z,miles-city,Miles City,SHR,6.9308301
1989-01-01T07:00:00Z,miles-city,Miles City,TRE,0.9529749
1989-01-01T07:00:00Z,lewistown,Lewistown,AFG,5.4625764
1989-01-01T07:00:00Z,lewistown,Lewistown,BGR,10.3950706
1989-01-01T07:00:00Z,lewistown,Lewistown,LTR,6.41533
1989-01-01T07:00:00Z,lewistown,Lewistown,PFG,41.5037643
1989-01-01T07:00:00Z,lewistown,Lewistown,SHR,6.9169209
1989-01-01T07:00:00Z,lewistown,Lewistown,TRE,7.7807405
1989-01-01T07:00:00Z,malta,Malta,AFG,4.4925604
1989-01-01T07:00:00Z,malta,Malta,BGR,18.8789623
1989-01-01T07:00:00Z,malta,Malta,LTR,5.5429125
1989-01-01T07:00:00Z,malta,Malta,PFG,43.0580253
1989-01-01T07:00:00Z,malta,Malta,SHR,6.4332431
1989-01-01T07:00:00Z,malta,Malta,TRE,1.799493
1989-01-01T07:00:00Z,butte,Butte,AFG,2.5791221
1989-01-01T07:00:00Z,butte,Butte,BGR,6.9093588
1989-01-01T07:00:00Z,butte,Butte,LTR,8.2676845
1989-01-01T07:00:00Z,butte,Butte,PFG,32.8405404
1989-01-01T07:00:00Z,butte,Butte,SHR,8.0508477
1989-01-01T07:00:00Z,butte,Butte,TRE,16.7593388
1989-01-01T07:00:00Z,billings,Billings,AFG,7.6779909
1989-01-01T07:00:00Z,billings,Billings,BGR,16.266738
1989-01-01T07:00:00Z,billings,Billings,LTR,8.2132041
1989-01-01T07:00:00Z,billings,Billings,PFG,39.7140307
1989-01-01T07:00:00Z,billings,Billings,SHR,8.7435253
1989-01-01T07:00:00Z,billings,Billings,TRE,3.8885457
1989-01-01T07:00:00Z,dillon,Dillon,AFG,2.3113702
1989-01-01T07:00:00Z,dillon,Dillon,BGR,8.65007
1989-01-01T07:00:00Z,dillon,Dillon,LTR,9.6737324
1989-01-01T07:00:00Z,dillon,Dillon,PFG,38.4363263
1989-01-01T07:00:00Z,dillon,Dillon,SHR,9.5369001
1989-01-01T07:00:00Z,dillon,Dillon,TRE,13.1854788
1990-01-01T07:00:00Z,missoula,Missoula,AFG,1.5276661
1990-01-01T07:00:00Z,missoula,Missoula,BGR,1.8024727
1990-01-01T07:00:00Z,missoula,Missoula,LTR,4.602992
1990-01-01T07:00:00Z,missoula,Missoula,PFG,22.3954176
1990-01-01T07:00:00Z,missoula,Missoula,SHR,3.6516416
1990-01-01T07:00:00Z,missoula,Missoula,TRE,34.2819498
1990-01-01T07:00:00Z,miles-city,Miles City,AFG,5.3448596
1990-01-01T07:00:00Z,miles-city,Miles City,BGR,18.1958349
1990-01-01T07:00:00Z,miles-city,Miles City,LTR,6.3048287
1990-01-01T07:00:00Z,miles-city,Miles City,PFG,47.7018442
1990-01-01T07:00:00Z,miles-city,Miles City,SHR,6.9675115
1990-01-01T07:00:00Z,miles-city,Miles City,TRE,0.909569
1990-01-01T07:00:00Z,lewistown,Lewistown,AFG,5.0491519
1990-01-01T07:00:00Z,lewistown,Lewistown,BGR,7.3893041
1990-01-01T07:00:00Z,lewistown,Lewistown,LTR,6.5410002
1990-01-01T07:00:00Z,lewistown,Lewistown,PFG,43.8382895
1990-01-01T07:00:00Z,lewistown,Lewistown,SHR,6.8437121
1990-01-01T07:00:00Z,lewistown,Lewistown,TRE,8.7532045
1990-01-01T07:00:00Z,malta,Malta,AFG,4.7636539
1990-01-01T07:00:00Z,malta,Malta,BGR,14.1539455
1990-01-01T07:00:00Z,malta,Malta,LTR,6.0794455
1990-01-01T07:00:00Z,malta,Malta,PFG,44.4713819
1990-01-01T07:00:00Z,malta,Malta,SHR,6.4994191
1990-01-01T07:00:00Z,malta,Malta,TRE,1.9202959
1990-01-01T07:00:00Z,butte,Butte,AFG,2.5154873
1990-01-01T07:00:00Z,butte,Butte,BGR,5.4862879
1990-01-01T07:00:00Z,butte,Butte,LTR,7.5000934
1990-01-01T07:00:00Z,butte,Butte,PFG,31.3131705
1990-01-01T07:00:00Z,butte,Butte,SHR,7.8642725
1990-01-01T07:00:00Z,butte,Butte,TRE,18.0102363
1990-01-01T07:00:00Z,billings,Billings,AFG,6.9513458
1990-01-01T07:00:00Z,billings,Billings,BGR,12.4811216
1990-01-01T07:00:00Z,billings,Billings,LTR,7.9373265
1990-01-01T07:00:00Z,billings,Billings,PFG,43.4820136
1990-01-01T07:00:00Z,billings,Billings,SHR,8.8082134
1990-01-01T07:00:00Z,billings,Billings,TRE,4.3905587
1990-01-01T07:00:00Z,dillon,Dillon,AFG,2.4971385
1990-01-01T07:00:00Z,dillon,Dillon,BGR,6.648793
1990-01-01T07:00:00Z,dillon,Dillon,LTR,7.8497083
1990-01-01T07:00:00Z,dillon,Dillon,PFG,37.2797718
1990-01-01T07:00:00Z,dillon,Dillon,SHR,9.7877974
1990-01-01T07:00:00Z,dillon,Dillon,TRE,12.8649972
1991-01-01T07:00:00Z,missoula,Missoula,AFG,1.5456869
1991-01-01T07:00:00Z,missoula,Missoula,BGR,1.8539865
1991-01-01T07:00:00Z,missoula,Missoula,LTR,4.6056165
1991-01-01T07:00:00Z,missoula,Missoula,PFG,23.24472
1991-01-01T07:00:00Z,missoula,Missoula,SHR,3.7845324
1991-01-01T07:00:00Z,missoula,Missoula,TRE,31.2315909
1991-01-01T07:00:00Z,miles-city,Miles City,AFG,5.9452067
1991-01-01T07:00:00Z,miles-city,Miles City,BGR,16.0417916
1991-01-01T07:00:00Z,miles-city,Miles City,LTR,5.4813312
1991-01-01T07:00:00Z,miles-city,Miles City,PFG,50.8083878
1991-01-01T07:00:00Z,miles-city,Miles City,SHR,6.3994102
1991-01-01T07:00:00Z,miles-city,Miles City,TRE,0.9259733
1991-01-01T07:00:00Z,lewistown,Lewistown,AFG,4.2596521
1991-01-01T07:00:00Z,lewistown,Lewistown,BGR,7.7922018
1991-01-01T07:00:00Z,lewistown,Lewistown,LTR,6.4157303
1991-01-01T07:00:00Z,lewistown,Lewistown,PFG,45.1299998
1991-01-01T07:00:00Z,lewistown,Lewistown,SHR,6.3796056
1991-01-01T07:00:00Z,lewistown,Lewistown,TRE,8.3533176
1991-01-01T07:00:00Z,malta,Malta,AFG,3.6931426
1991-01-01T07:00:00Z,malta,Malta,BGR,13.8697392
1991-01-01T07:00:00Z,malta,Malta,LTR,5.8508783
1991-01-01T07:00:00Z,malta,Malta,PFG,46.347063
1991-01-01T07:00:00Z,malta,Malta,SHR,6.0036426
1991-01-01T07:00:00Z,malta,Malta,TRE,1.8438316
1991-01-01T07:00:00Z,butte,Butte,AFG,2.3867521
1991-01-01T07:00:00Z,butte,Butte,BGR,5.7763021
1991-01-01T07:00:00Z,butte,Butte,LTR,7.7699773
1991-01-01T07:00:00Z,butte,Butte,PFG,32.21151
1991-01-01T07:00:00Z,butte,Butte,SHR,7.49081
1991-01-01T07:00:00Z,butte,Butte,TRE,17.8809485
1991-01-01T07:00:00Z,billings,Billings,AFG,6.7104714
1991-01-01T07:00:00Z,billings,Billings,BGR,11.9927006
1991-01-01T07:00:00Z,billings,Billings,LTR,7.8788784
1991-01-01T07:00:00Z,billings,Billings,PFG,45.2599419
1991-01-01T07:00:00Z,billings,Billings,SHR,8.2096097
1991-01-01T07:00:00Z,billings,Billings,TRE,4.7523583
1991-01-01T07:00:00Z,dillon,Dillon,AFG,2.5893033
1991-01-01T07:00:00Z,dillon,Dillon,BGR,6.6447618
1991-01-01T07:00:00Z,dillon,Dillon,LTR,8.4356273
1991-01-01T07:00:00Z,dillon,Dillon,PFG,38.4583899
1991-01-01T07:00:00Z,dillon,Dillon,SHR,10.6291586
1991-01-01T07:00:00Z,dillon,Dillon,TRE,11.8496358
1992-01-01T07:00:00Z,missoula,Missoula,AFG,1.4622127
1992-01-01T07:00:00Z,missoula,Missoula,BGR,2.1471267
1992-01-01T07:00:00Z,missoula,Missoula,LTR,5.0937117
1992-01-01T07:00:00Z,missoula,Missoula,PFG,25.5602064
1992-01-01T07:00:00Z,missoula,Missoula,SHR,4.4044076
1992-01-01T07:00:00Z,missoula,Missoula,TRE,27.262625
1992-01-01T07:00:00Z,miles-city,Miles City,AFG,5.5133875
1992-01-01T07:00:00Z,miles-city,Miles City,BGR,15.3927796
1992-01-01T07:00:00Z,miles-city,Miles City,LTR,6.7641906
1992-01-01T07:00:00Z,miles-city,Miles City,PFG,50.8476519
1992-01-01T07:00:00Z,miles-city,Miles City,SHR,6.4530835
1992-01-01T07:00:00Z,miles-city,Miles City,TRE,1.0791936
1992-01-01T07:00:00Z,lewistown,Lewistown,AFG,3.7850922
1992-01-01T07:00:00Z,lewistown,Lewistown,BGR,9.7774585
1992-01-01T07:00:00Z,lewistown,Lewistown,LTR,7.6097269
1992-01-01T07:00:00Z,lewistown,Lewistown,PFG,46.3872843
1992-01-01T07:00:00Z,lewistown,Lewistown,SHR,6.3967059
1992-01-01T07:00:00Z,lewistown,Lewistown,TRE,6.822539
1992-01-01T07:00:00Z,malta,Malta,AFG,2.8294103
1992-01-01T07:00:00Z,malta,Malta,BGR,16.3939386
1992-01-01T07:00:00Z,malta,Malta,LTR,6.5967891
1992-01-01T07:00:00Z,malta,Malta,PFG,49.0029191
1992-01-01T07:00:00Z,malta,Malta,SHR,5.8177633
1992-01-01T07:00:00Z,malta,Malta,TRE,1.5375217
1992-01-01T07:00:00Z,butte,Butte,AFG,2.1874128
1992-01-01T07:00:00Z,butte,Butte,BGR,5.8890131
1992-01-01T07:00:00Z,butte,Butte,LTR,8.1121975
1992-01-01T07:00:00Z,butte,Butte,PFG,33.1867275
1992-01-01T07:00:00Z,butte,Butte,SHR,7.0489851
1992-01-01T07:00:00Z,butte,Butte,TRE,15.4492162
1992-01-01T07:00:00Z,billings,Billings,AFG,6.4182532
1992-01-01T07:00:00Z,billings,Billings,BGR,11.9824106
1992-01-01T07:00:00Z,billings,Billings,LTR,7.9708954
1992-01-01T07:00:00Z,billings,Billings,PFG,46.9927177
1992-01-01T07:00:00Z,billings,Billings,SHR,8.4660358
1992-01-01T07:00:00Z,billings,Billings,TRE,4.3706069
1992-01-01T07:00:00Z,dillon,Dillon,AFG,2.0647542
1992-01-01T07:00:00Z,dillon,Dillon,BGR,7.1694295
1992-01-01T07:00:00Z,dillon,Dillon,LTR,8.9452209
1992-01-01T07:00:00Z,dillon,Dillon,PFG,39.4314985
1992-01-01T07:00:00Z,dillon,Dillon,SHR,9.8581314
1992-01-01T07:00:00Z,dillon,Dillon,TRE,11.4445283
1993-01-01T07:00:00Z,missoula,Missoula,AFG,1.65765
1993-01-01T07:00:00Z,missoula,Missoula,BGR,2.0738498
1993-01-01T07:00:00Z,missoula,Missoula,LTR,4.5301747
1993-01-01T07:00:00Z,missoula,Missoula,PFG,24.4742489
1993-01-01T07:00:00Z,missoula,Missoula,SHR,4.4928268
1993-01-01T07:00:00Z,missoula,Missoula,TRE,21.4785672
1993-01-01T07:00:00Z,miles-city,Miles City,AFG,3.9938946
1993-01-01T07:00:00Z,miles-city,Miles City,BGR,13.4218423
1993-01-01T07:00:00Z,miles-city,Miles City,LTR,6.0826162
1993-01-01T07:00:00Z,miles-city,Miles City,PFG,55.8869538
1993-01-01T07:00:00Z,miles-city,Miles City,SHR,5.9285374
1993-01-01T07:00:00Z,miles-city,Miles City,TRE,1.0798166
1993-01-01T07:00:00Z,lewistown,Lewistown,AFG,5.6518866
1993-01-01T07:00:00Z,lewistown,Lewistown,BGR,8.3240292
1993-01-01T07:00:00Z,lewistown,Lewistown,LTR,6.1222247
1993-01-01T07:00:00Z,lewistown,Lewistown,PFG,47.4838831
1993-01-01T07:00:00Z,lewistown,Lewistown,SHR,6.4825482
1993-01-01T07:00:00Z,lewistown,Lewistown,TRE,5.4616507
1993-01-01T07:00:00Z,malta,Malta,AFG,4.1339352
1993-01-01T07:00:00Z,malta,Malta,BGR,14.786821
1993-01-01T07:00:00Z,malta,Malta,LTR,5.857343
1993-01-01T07:00:00Z,malta,Malta,PFG,50.6972281
1993-01-01T07:00:00Z,malta,Malta,SHR,5.8217985
1993-01-01T07:00:00Z,malta,Malta,TRE,1.0741585
1993-01-01T07:00:00Z,butte,Butte,AFG,3.0760654
1993-01-01T07:00:00Z,butte,Butte,BGR,5.3132285
1993-01-01T07:00:00Z,butte,Butte,LTR,6.7187206
1993-01-01T07:00:00Z,butte,Butte,PFG,35.1500435
1993-01-01T07:00:00Z,butte,Butte,SHR,7.3697014
1993-01-01T07:00:00Z,butte,Butte,TRE,12.5051042
1993-01-01T07:00:00Z,billings,Billings,AFG,6.2500677
1993-01-01T07:00:00Z,billings,Billings,BGR,12.0260949
1993-01-01T07:00:00Z,billings,Billings,LTR,8.0122417
1993-01-01T07:00:00Z,billings,Billings,PFG,47.0889848
1993-01-01T07:00:00Z,billings,Billings,SHR,8.7971567
1993-01-01T07:00:00Z,billings,Billings,TRE,3.8838687
1993-01-01T07:00:00Z,dillon,Dillon,AFG,3.6109327
1993-01-01T07:00:00Z,dillon,Dillon,BGR,7.0014142
1993-01-01T07:00:00Z,dillon,Dillon,LTR,7.9198374
1993-01-01T07:00:00Z,dillon,Dillon,PFG,40.7801892
1993-01-01T07:00:00Z,dillon,Dillon,SHR,9.4395068
1993-01-01T07:00:00Z,dillon,Dillon,TRE,7.8371833
1994-01-01T07:00:00Z,missoula,Missoula,AFG,1.9314428
1994-01-01T07:00:00Z,missoula,Missoula,BGR,1.9098578
1994-01-01T07:00:00Z,missoula,Missoula,LTR,5.4523343
1994-01-01T07:00:00Z,missoula,Missoula,PFG,25.5298791
1994-01-01T07:00:00Z,missoula,Missoula,SHR,4.2510497
1994-01-01T07:00:00Z,missoula,Missoula,TRE,27.881713
1994-01-01T07:00:00Z,miles-city,Miles City,AFG,5.2810012
1994-01-01T07:00:00Z,miles-city,Miles City,BGR,11.4020613
1994-01-01T07:00:00Z,miles-city,Miles City,LTR,5.9020377
1994-01-01T07:00:00Z,miles-city,Miles City,PFG,55.1053881
1994-01-01T07:00:00Z,miles-city,Miles City,SHR,6.131067
1994-01-01T07:00:00Z,miles-city,Miles City,TRE,1.118393
1994-01-01T07:00:00Z,lewistown,Lewistown,AFG,5.9221636
1994-01-01T07:00:00Z,lewistown,Lewistown,BGR,5.8172971
1994-01-01T07:00:00Z,lewistown,Lewistown,LTR,6.8351838
1994-01-01T07:00:00Z,lewistown,Lewistown,PFG,48.6574693
1994-01-01T07:00:00Z,lewistown,Lewistown,SHR,5.1084029
1994-01-01T07:00:00Z,lewistown,Lewistown,TRE,7.1410952
1994-01-01T07:00:00Z,malta,Malta,AFG,4.2980787
1994-01-01T07:00:00Z,malta,Malta,BGR,10.6884606
1994-01-01T07:00:00Z,malta,Malta,LTR,5.8358651
1994-01-01T07:00:00Z,malta,Malta,PFG,50.7432583
1994-01-01T07:00:00Z,malta,Malta,SHR,4.9591764
1994-01-01T07:00:00Z,malta,Malta,TRE,1.3003693
1994-01-01T07:00:00Z,butte,Butte,AFG,2.2048305
1994-01-01T07:00:00Z,butte,Butte,BGR,4.7285455
1994-01-01T07:00:00Z,butte,Butte,LTR,7.9328835
1994-01-01T07:00:00Z,butte,Butte,PFG,38.2557797
1994-01-01T07:00:00Z,butte,Butte,SHR,6.9834304
1994-01-01T07:00:00Z,butte,Butte,TRE,17.4612252
1994-01-01T07:00:00Z,billings,Billings,AFG,6.5561548
1994-01-01T07:00:00Z,billings,Billings,BGR,10.8474328
1994-01-01T07:00:00Z,billings,Billings,LTR,8.5576308
1994-01-01T07:00:00Z,billings,Billings,PFG,47.9884273
1994-01-01T07:00:00Z,billings,Billings,SHR,8.1845232
1994-01-01T07:00:00Z,billings,Billings,TRE,4.3736574
1994-01-01T07:00:00Z,dillon,Dillon,AFG,2.257007
1994-01-01T07:00:00Z,dillon,Dillon,BGR,6.7309016
1994-01-01T07:00:00Z,dillon,Dillon,LTR,9.2883016
1994-01-01T07:00:00Z,dillon,Dillon,PFG,43.4956434
1994-01-01T07:00:00Z,dillon,Dillon,SHR,9.623646
1994-01-01T07:00:00Z,dillon,Dillon,TRE,12.1066684
1995-01-01T07:00:00Z,missoula,Missoula,AFG,2.9322887
1995-01-01T07:00:00Z,missoula,Missoula,BGR,2.0611848
1995-01-01T07:00:00Z,missoula,Missoula,LTR,7.3888547
1995-01-01T07:00:00Z,missoula,Missoula,PFG,25.1414805
1995-01-01T07:00:00Z,missoula,Missoula,SHR,4.2481341
1995-01-01T07:00:00Z,missoula,Missoula,TRE,34.3742397
1995-01-01T07:00:00Z,miles-city,Miles City,AFG,9.0099626
1995-01-01T07:00:00Z,miles-city,Miles City,BGR,11.5739755
1995-01-01T07:00:00Z,miles-city,Miles City,LTR,6.1863358
1995-01-01T07:00:00Z,miles-city,Miles City,PFG,51.2614834
1995-01-01T07:00:00Z,miles-city,Miles City,SHR,5.6540034
1995-01-01T07:00:00Z,miles-city,Miles City,TRE,1.10372
1995-01-01T07:00:00Z,lewistown,Lewistown,AFG,6.9614869
1995-01-01T07:00:00Z,lewistown,Lewistown,BGR,5.9508739
1995-01-01T07:00:00Z,lewistown,Lewistown,LTR,7.7297006
1995-01-01T07:00:00Z,lewistown,Lewistown,PFG,46.1829619
1995-01-01T07:00:00Z,lewistown,Lewistown,SHR,4.6006049
1995-01-01T07:00:00Z,lewistown,Lewistown,TRE,8.5069118
1995-01-01T07:00:00Z,malta,Malta,AFG,5.6091388
1995-01-01T07:00:00Z,malta,Malta,BGR,9.5208042
1995-01-01T07:00:00Z,malta,Malta,LTR,6.5095749
1995-01-01T07:00:00Z,malta,Malta,PFG,48.3113861
1995-01-01T07:00:00Z,malta,Malta,SHR,4.3232218
1995-01-01T07:00:00Z,malta,Malta,TRE,1.5140503
1995-01-01T07:00:00Z,butte,Butte,AFG,4.1966281
1995-01-01T07:00:00Z,butte,Butte,BGR,5.0454336
1995-01-01T07:00:00Z,butte,Butte,LTR,10.0906483
1995-01-01T07:00:00Z,butte,Butte,PFG,36.5149403
1995-01-01T07:00:00Z,butte,Butte,SHR,6.9683208
1995-01-01T07:00:00Z,butte,Butte,TRE,19.9327707
1995-01-01T07:00:00Z,billings,Billings,AFG,11.0900394
1995-01-01T07:00:00Z,billings,Billings,BGR,8.9496298
1995-01-01T07:00:00Z,billings,Billings,LTR,8.1972096
1995-01-01T07:00:00Z,billings,Billings,PFG,47.095974
1995-01-01T07:00:00Z,billings,Billings,SHR,7.0030503
1995-01-01T07:00:00Z,billings,Billings,TRE,4.7908834
1995-01-01T07:00:00Z,dillon,Dillon,AFG,3.8154174
1995-01-01T07:00:00Z,dillon,Dillon,BGR,6.1605316
1995-01-01T07:00:00Z,dillon,Dillon,LTR,9.8119963
1995-01-01T07:00:00Z,dillon,Dillon,PFG,42.8423893
1995-01-01T07:00:00Z,dillon,Dillon,SHR,8.6872915
1995-01-01T07:00:00Z,dillon,Dillon,TRE,14.0834106
1996-01-01T07:00:00Z,missoula,Missoula,AFG,2.1524353
1996-01-01T07:00:00Z,missoula,Missoula,BGR,1.5307918
1996-01-01T07:00:00Z,missoula,Missoula,LTR,6.1167344
1996-01-01T07:00:00Z,missoula,Missoula,PFG,22.499653
1996-01-01T07:00:00Z,missoula,Missoula,SHR,3.8682821
1996-01-01T07:00:00Z,missoula,Missoula,TRE,39.2970434
1996-01-01T07:00:00Z,miles-city,Miles City,AFG,5.5548755
1996-01-01T07:00:00Z,miles-city,Miles City,BGR,10.640356
1996-01-01T07:00:00Z,miles-city,Miles City,LTR,6.3855076
1996-01-01T07:00:00Z,miles-city,Miles City,PFG,55.9792091
1996-01-01T07:00:00Z,miles-city,Miles City,SHR,5.1891958
1996-01-01T07:00:00Z,miles-city,Miles City,TRE,1.2628728
1996-01-01T07:00:00Z,lewistown,Lewistown,AFG,5.4796866
1996-01-01T07:00:00Z,lewistown,Lewistown,BGR,5.2437666
1996-01-01T07:00:00Z,lewistown,Lewistown,LTR,7.4743807
1996-01-01T07:00:00Z,lewistown,Lewistown,PFG,47.9120416
1996-01-01T07:00:00Z,lewistown,Lewistown,SHR,5.3108341
1996-01-01T07:00:00Z,lewistown,Lewistown,TRE,9.00014
1996-01-01T07:00:00Z,malta,Malta,AFG,3.1233397
1996-01-01T07:00:00Z,malta,Malta,BGR,9.1977963
1996-01-01T07:00:00Z,malta,Malta,LTR,6.6783156
1996-01-01T07:00:00Z,malta,Malta,PFG,51.1008831
1996-01-01T07:00:00Z,malta,Malta,SHR,4.6813901
1996-01-01T07:00:00Z,malta,Malta,TRE,2.0647111
1996-01-01T07:00:00Z,butte,Butte,AFG,3.7853625
1996-01-01T07:00:00Z,butte,Butte,BGR,4.9805904
1996-01-01T07:00:00Z,butte,Butte,LTR,10.1840868
1996-01-01T07:00:00Z,butte,Butte,PFG,35.1938658
1996-01-01T07:00:00Z,butte,Butte,SHR,7.0610045
1996-01-01T07:00:00Z,butte,Butte,TRE,20.407414
1996-01-01T07:00:00Z,billings,Billings,AFG,7.3481574
1996-01-01T07:00:00Z,billings,Billings,BGR,8.4572038
1996-01-01T07:00:00Z,billings,Billings,LTR,9.2639029
1996-01-01T07:00:00Z,billings,Billings,PFG,50.1494443
1996-01-01T07:00:00Z,billings,Billings,SHR,6.8567051
1996-01-01T07:00:00Z,billings,Billings,TRE,5.2735649
1996-01-01T07:00:00Z,dillon,Dillon,AFG,3.1935758
1996-01-01T07:00:00Z,dillon,Dillon,BGR,6.0765322
1996-01-01T07:00:00Z,dillon,Dillon,LTR,9.707764
1996-01-01T07:00:00Z,dillon,Dillon,PFG,41.7579053
1996-01-01T07:00:00Z,dillon,Dillon,SHR,8.4847044
1996-01-01T07:00:00Z,dillon,Dillon,TRE,13.3919551
1997-01-01T07:00:00Z,missoula,Missoula,AFG,1.746459
1997-01-01T07:00:00Z,missoula,Missoula,BGR,1.5102762
1997-01-01T07:00:00Z,missoula,Missoula,LTR,4.9771479
1997-01-01T07:00:00Z,missoula,Missoula,PFG,23.5508621
1997-01-01T07:00:00Z,missoula,Missoula,SHR,4.078004
1997-01-01T07:00:00Z,missoula,Missoula,TRE,35.9168956
1997-01-01T07:00:00Z,miles-city,Miles City,AFG,5.4921471
1997-01-01T07:00:00Z,miles-city,Miles City,BGR,13.7257052
1997-01-01T07:00:00Z,miles-city,Miles City,LTR,6.867057
1997-01-01T07:00:00Z,miles-city,Miles City,PFG,52.8055891
1997-01-01T07:00:00Z,miles-city,Miles City,SHR,5.641628
1997-01-01T07:00:00Z,miles-city,Miles City,TRE,1.1788056
1997-01-01T07:00:00Z,lewistown,Lewistown,AFG,5.572416
1997-01-01T07:00:00Z,lewistown,Lewistown,BGR,7.1903
1997-01-01T07:00:00Z,lewistown,Lewistown,LTR,7.4675375
1997-01-01T07:00:00Z,lewistown,Lewistown,PFG,46.7313031
1997-01-01T07:00:00Z,lewistown,Lewistown,SHR,5.343513
1997-01-01T07:00:00Z,lewistown,Lewistown,TRE,7.9499728
1997-01-01T07:00:00Z,malta,Malta,AFG,3.9985442
1997-01-01T07:00:00Z,malta,Malta,BGR,13.4855356
1997-01-01T07:00:00Z,malta,Malta,LTR,6.4848094
1997-01-01T07:00:00Z,malta,Malta,PFG,47.1181103
1997-01-01T07:00:00Z,malta,Malta,SHR,5.0592783
1997-01-01T07:00:00Z,malta,Malta,TRE,1.718206
1997-01-01T07:00:00Z,butte,Butte,AFG,2.6849996
1997-01-01T07:00:00Z,butte,Butte,BGR,5.1046106
1997-01-01T07:00:00Z,butte,Butte,LTR,9.4631244
1997-01-01T07:00:00Z,butte,Butte,PFG,35.6336469
1997-01-01T07:00:00Z,butte,Butte,SHR,7.2287717
1997-01-01T07:00:00Z,butte,Butte,TRE,19.8733004
1997-01-01T07:00:00Z,billings,Billings,AFG,7.4152381
1997-01-01T07:00:00Z,billings,Billings,BGR,10.482063
1997-01-01T07:00:00Z,billings,Billings,LTR,9.0677281
1997-01-01T07:00:00Z,billings,Billings,PFG,47.349798
1997-01-01T07:00:00Z,billings,Billings,SHR,7.5185191
1997-01-01T07:00:00Z,billings,Billings,TRE,5.2259357
1997-01-01T07:00:00Z,dillon,Dillon,AFG,2.8247107
1997-01-01T07:00:00Z,dillon,Dillon,BGR,6.5777775
1997-01-01T07:00:00Z,dillon,Dillon,LTR,9.5390649
1997-01-01T07:00:00Z,dillon,Dillon,PFG,40.8173567
1997-01-01T07:00:00Z,dillon,Dillon,SHR,9.4697188
1997-01-01T07:00:00Z,dillon,Dillon,TRE,11.9445543
1998-01-01T07:00:00Z,missoula,Missoula,AFG,1.8431367
1998-01-01T07:00:00Z,missoula,Missoula,BGR,1.5628051
1998-01-01T07:00:00Z,missoula,Missoula,LTR,5.484669
1998-01-01T07:00:00Z,missoula,Missoula,PFG,24.9574947
1998-01-01T07:00:00Z,missoula,Missoula,SHR,4.5337933
1998-01-01T07:00:00Z,missoula,Missoula,TRE,36.5295231
1998-01-01T07:00:00Z,miles-city,Miles City,AFG,4.7709135
1998-01-01T07:00:00Z,miles-city,Miles City,BGR,15.6395961
1998-01-01T07:00:00Z,miles-city,Miles City,LTR,7.8986592
1998-01-01T07:00:00Z,miles-city,Miles City,PFG,51.0395489
1998-01-01T07:00:00Z,miles-city,Miles City,SHR,6.2662647
1998-01-01T07:00:00Z,miles-city,Miles City,TRE,1.4773413
1998-01-01T07:00:00Z,lewistown,Lewistown,AFG,4.6806353
1998-01-01T07:00:00Z,lewistown,Lewistown,BGR,7.5113497
1998-01-01T07:00:00Z,lewistown,Lewistown,LTR,7.4793684
1998-01-01T07:00:00Z,lewistown,Lewistown,PFG,48.4153833
1998-01-01T07:00:00Z,lewistown,Lewistown,SHR,5.3149543
1998-01-01T07:00:00Z,lewistown,Lewistown,TRE,8.3433289
1998-01-01T07:00:00Z,malta,Malta,AFG,3.3472437
1998-01-01T07:00:00Z,malta,Malta,BGR,14.5577744
1998-01-01T07:00:00Z,malta,Malta,LTR,6.6434843
1998-01-01T07:00:00Z,malta,Malta,PFG,48.4955402
1998-01-01T07:00:00Z,malta,Malta,SHR,5.2656421
1998-01-01T07:00:00Z,malta,Malta,TRE,1.7436716
1998-01-01T07:00:00Z,butte,Butte,AFG,2.5945337
1998-01-01T07:00:00Z,butte,Butte,BGR,4.5412028
1998-01-01T07:00:00Z,butte,Butte,LTR,8.4114834
1998-01-01T07:00:00Z,butte,Butte,PFG,36.5510294
1998-01-01T07:00:00Z,butte,Butte,SHR,7.5986716
1998-01-01T07:00:00Z,butte,Butte,TRE,19.6771536
1998-01-01T07:00:00Z,billings,Billings,AFG,6.731075
1998-01-01T07:00:00Z,billings,Billings,BGR,11.86255
1998-01-01T07:00:00Z,billings,Billings,LTR,10.4658678
1998-01-01T07:00:00Z,billings,Billings,PFG,45.6096842
1998-01-01T07:00:00Z,billings,Billings,SHR,7.6092862
1998-01-01T07:00:00Z,billings,Billings,TRE,5.7345368
1998-01-01T07:00:00Z,dillon,Dillon,AFG,2.6760473
1998-01-01T07:00:00Z,dillon,Dillon,BGR,5.4128441
1998-01-01T07:00:00Z,dillon,Dillon,LTR,8.0475269
1998-01-01T07:00:00Z,dillon,Dillon,PFG,43.2390472
1998-01-01T07:00:00Z,dillon,Dillon,SHR,10.7763634
1998-01-01T07:00:00Z,dillon,Dillon,TRE,12.593158
1999-01-01T07:00:00Z,missoula,Missoula,AFG,1.9464769
1999-01-01T07:00:00Z,missoula,Missoula,BGR,1.9066328
1999-01-01T07:00:00Z,missoula,Missoula,LTR,6.1270511
1999-01-01T07:00:00Z,missoula,Missoula,PFG,24.2879196
1999-01-01T07:00:00Z,missoula,Missoula,SHR,4.1902583
1999-01-01T07:00:00Z,missoula,Missoula,TRE,35.591556
1999-01-01T07:00:00Z,miles-city,Miles City,AFG,8.1752257
1999-01-01T07:00:00Z,miles-city,Miles City,BGR,12.0370883
1999-01-01T07:00:00Z,miles-city,Miles City,LTR,6.0843439
1999-01-01T07:00:00Z,miles-city,Miles City,PFG,51.6829936
1999-01-01T07:00:00Z,miles-city,Miles City,SHR,5.9699776
1999-01-01T07:00:00Z,miles-city,Miles City,TRE,1.4320896
1999-01-01T07:00:00Z,lewistown,Lewistown,AFG,6.3267203
1999-01-01T07:00:00Z,lewistown,Lewistown,BGR,7.3144268
1999-01-01T07:00:00Z,lewistown,Lewistown,LTR,8.1628679
1999-01-01T07:00:00Z,lewistown,Lewistown,PFG,46.3250956
1999-01-01T07:00:00Z,lewistown,Lewistown,SHR,5.5353881
1999-01-01T07:00:00Z,lewistown,Lewistown,TRE,8.9372981
1999-01-01T07:00:00Z,malta,Malta,AFG,4.5389834
1999-01-01T07:00:00Z,malta,Malta,BGR,12.2478826
1999-01-01T07:00:00Z,malta,Malta,LTR,5.938296
1999-01-01T07:00:00Z,malta,Malta,PFG,48.6925404
1999-01-01T07:00:00Z,malta,Malta,SHR,5.2561795
1999-01-01T07:00:00Z,malta,Malta,TRE,1.7868051
1999-01-01T07:00:00Z,butte,Butte,AFG,2.9081937
1999-01-01T07:00:00Z,butte,Butte,BGR,4.9636875
1999-01-01T07:00:00Z,butte,Butte,LTR,9.9160666
1999-01-01T07:00:00Z,butte,Butte,PFG,36.1015311
1999-01-01T07:00:00Z,butte,Butte,SHR,7.6122651
1999-01-01T07:00:00Z,butte,Butte,TRE,21.6468556
1999-01-01T07:00:00Z,billings,Billings,AFG,9.0036092
1999-01-01T07:00:00Z,billings,Billings,BGR,11.6626044
1999-01-01T07:00:00Z,billings,Billings,LTR,10.4034279
1999-01-01T07:00:00Z,billings,Billings,PFG,42.8768446
1999-01-01T07:00:00Z,billings,Billings,SHR,7.7422716
1999-01-01T07:00:00Z,billings,Billings,TRE,5.5947426
1999-01-01T07:00:00Z,dillon,Dillon,AFG,3.0969628
1999-01-01T07:00:00Z,dillon,Dillon,BGR,5.9168148
1999-01-01T07:00:00Z,dillon,Dillon,LTR,9.8687934
1999-01-01T07:00:00Z,dillon,Dillon,PFG,42.7546624
1999-01-01T07:00:00Z,dillon,Dillon,SHR,9.3667672
1999-01-01T07:00:00Z,dillon,Dillon,TRE,14.8119963
2000-01-01T07:00:00Z,missoula,Missoula,AFG,2.0327619
2000-01-01T07:00:00Z,missoula,Missoula,BGR,2.2708431
2000-01-01T07:00:00Z,missoula,Missoula,LTR,7.3680237
2000-01-01T07:00:00Z,missoula,Missoula,PFG,23.8235933
2000-01-01T07:00:00Z,missoula,Missoula,SHR,4.1458496
2000-01-01T07:00:00Z,missoula,Missoula,TRE,38.0677041
2000-01-01T07:00:00Z,miles-city,Miles City,AFG,5.5731449
2000-01-01T07:00:00Z,miles-city,Miles City,BGR,14.1273291
2000-01-01T07:00:00Z,miles-city,Miles City,LTR,8.4513969
2000-01-01T07:00:00Z,miles-city,Miles City,PFG,50.9872177
2000-01-01T07:00:00Z,miles-city,Miles City,SHR,5.578627
2000-01-01T07:00:00Z,miles-city,Miles City,TRE,1.2383039
2000-01-01T07:00:00Z,lewistown,Lewistown,AFG,5.460776
2000-01-01T07:00:00Z,lewistown,Lewistown,BGR,9.1599796
2000-01-01T07:00:00Z,lewistown,Lewistown,LTR,9.8654097
2000-01-01T07:00:00Z,lewistown,Lewistown,PFG,44.0052268
2000-01-01T07:00:00Z,lewistown,Lewistown,SHR,5.381717
2000-01-01T07:00:00Z,lewistown,Lewistown,TRE,9.2963882
2000-01-01T07:00:00Z,malta,Malta,AFG,4.0830537
2000-01-01T07:00:00Z,malta,Malta,BGR,13.3450786
2000-01-01T07:00:00Z,malta,Malta,LTR,7.6509277000000004
2000-01-01T07:00:00Z,malta,Malta,PFG,46.8922151
2000-01-01T07:00:00Z,malta,Malta,SHR,4.7676199
2000-01-01T07:00:00Z,malta,Malta,TRE,1.8310833
2000-01-01T07:00:00Z,butte,Butte,AFG,2.7209583
2000-01-01T07:00:00Z,butte,Butte,BGR,6.3989069
2000-01-01T07:00:00Z,butte,Butte,LTR,11.6883482
2000-01-01T07:00:00Z,butte,Butte,PFG,35.3218553
2000-01-01T07:00:00Z,butte,Butte,SHR,7.5973211
2000-01-01T07:00:00Z,butte,Butte,TRE,22.6648791
2000-01-01T07:00:00Z,billings,Billings,AFG,6.7834388
2000-01-01T07:00:00Z,billings,Billings,BGR,14.5809484
2000-01-01T07:00:00Z,billings,Billings,LTR,11.789784
2000-01-01T07:00:00Z,billings,Billings,PFG,41.6940015
2000-01-01T07:00:00Z,billings,Billings,SHR,7.4468052
2000-01-01T07:00:00Z,billings,Billings,TRE,5.626345
2000-01-01T07:00:00Z,dillon,Dillon,AFG,3.1969626
2000-01-01T07:00:00Z,dillon,Dillon,BGR,7.5717616
2000-01-01T07:00:00Z,dillon,Dillon,LTR,11.8917391
2000-01-01T07:00:00Z,dillon,Dillon,PFG,41.5305093
2000-01-01T07:00:00Z,dillon,Dillon,SHR,9.4154754
2000-01-01T07:00:00Z,dillon,Dillon,TRE,15.0891386
2001-01-01T07:00:00Z,missoula,Missoula,AFG,2.7343335
2001-01-01T07:00:00Z,missoula,Missoula,BGR,2.5934384
2001-01-01T07:00:00Z,missoula,Missoula,LTR,7.6375606
2001-01-01T07:00:00Z,missoula,Missoula,PFG,23.9347881
2001-01-01T07:00:00Z,missoula,Missoula,SHR,4.9133488
2001-01-01T07:00:00Z,missoula,Missoula,TRE,37.7552901
2001-01-01T07:00:00Z,miles-city,Miles City,AFG,5.4502722
2001-01-01T07:00:00Z,miles-city,Miles City,BGR,14.2245761
2001-01-01T07:00:00Z,miles-city,Miles City,LTR,7.3384137
2001-01-01T07:00:00Z,miles-city,Miles City,PFG,52.164122
2001-01-01T07:00:00Z,miles-city,Miles City,SHR,5.3275164
2001-01-01T07:00:00Z,miles-city,Miles City,TRE,1.2300983
2001-01-01T07:00:00Z,lewistown,Lewistown,AFG,5.1382728
2001-01-01T07:00:00Z,lewistown,Lewistown,BGR,11.0731601
2001-01-01T07:00:00Z,lewistown,Lewistown,LTR,10.354527
2001-01-01T07:00:00Z,lewistown,Lewistown,PFG,42.2639889
2001-01-01T07:00:00Z,lewistown,Lewistown,SHR,5.402276
2001-01-01T07:00:00Z,lewistown,Lewistown,TRE,9.2157159
2001-01-01T07:00:00Z,malta,Malta,AFG,3.0765357
2001-01-01T07:00:00Z,malta,Malta,BGR,17.1362795
2001-01-01T07:00:00Z,malta,Malta,LTR,8.9453688
2001-01-01T07:00:00Z,malta,Malta,PFG,46.6575538
2001-01-01T07:00:00Z,malta,Malta,SHR,4.4495499
2001-01-01T07:00:00Z,malta,Malta,TRE,1.8085235
2001-01-01T07:00:00Z,butte,Butte,AFG,3.4776583
2001-01-01T07:00:00Z,butte,Butte,BGR,7.0984858
2001-01-01T07:00:00Z,butte,Butte,LTR,11.7575414
2001-01-01T07:00:00Z,butte,Butte,PFG,34.112372
2001-01-01T07:00:00Z,butte,Butte,SHR,7.7617589
2001-01-01T07:00:00Z,butte,Butte,TRE,21.6005102
2001-01-01T07:00:00Z,billings,Billings,AFG,7.5259974
2001-01-01T07:00:00Z,billings,Billings,BGR,16.1834386
2001-01-01T07:00:00Z,billings,Billings,LTR,10.7996544
2001-01-01T07:00:00Z,billings,Billings,PFG,40.5667803
2001-01-01T07:00:00Z,billings,Billings,SHR,7.8197667
2001-01-01T07:00:00Z,billings,Billings,TRE,5.2371659
2001-01-01T07:00:00Z,dillon,Dillon,AFG,3.7855156
2001-01-01T07:00:00Z,dillon,Dillon,BGR,8.1714692
2001-01-01T07:00:00Z,dillon,Dillon,LTR,12.0865212
2001-01-01T07:00:00Z,dillon,Dillon,PFG,39.7387121
2001-01-01T07:00:00Z,dillon,Dillon,SHR,9.696844
2001-01-01T07:00:00Z,dillon,Dillon,TRE,15.524883
2002-01-01T07:00:00Z,missoula,Missoula,AFG,2.4603623
2002-01-01T07:00:00Z,missoula,Missoula,BGR,2.5193563
2002-01-01T07:00:00Z,missoula,Missoula,LTR,7.499574
2002-01-01T07:00:00Z,missoula,Missoula,PFG,23.4740793
2002-01-01T07:00:00Z,missoula,Missoula,SHR,5.0329572
2002-01-01T07:00:00Z,missoula,Missoula,TRE,40.7034343
2002-01-01T07:00:00Z,miles-city,Miles City,AFG,4.0575529
2002-01-01T07:00:00Z,miles-city,Miles City,BGR,15.8910986
2002-01-01T07:00:00Z,miles-city,Miles City,LTR,8.6262763
2002-01-01T07:00:00Z,miles-city,Miles City,PFG,49.9672053
2002-01-01T07:00:00Z,miles-city,Miles City,SHR,5.731342
2002-01-01T07:00:00Z,miles-city,Miles City,TRE,1.3516577
2002-01-01T07:00:00Z,lewistown,Lewistown,AFG,5.6234444
2002-01-01T07:00:00Z,lewistown,Lewistown,BGR,11.0744549
2002-01-01T07:00:00Z,lewistown,Lewistown,LTR,9.1204495
2002-01-01T07:00:00Z,lewistown,Lewistown,PFG,42.8241222
2002-01-01T07:00:00Z,lewistown,Lewistown,SHR,6.2186944
2002-01-01T07:00:00Z,lewistown,Lewistown,TRE,9.9589133
2002-01-01T07:00:00Z,malta,Malta,AFG,4.3023006
2002-01-01T07:00:00Z,malta,Malta,BGR,17.2388093
2002-01-01T07:00:00Z,malta,Malta,LTR,7.2810431
2002-01-01T07:00:00Z,malta,Malta,PFG,48.6418768
2002-01-01T07:00:00Z,malta,Malta,SHR,4.950854
2002-01-01T07:00:00Z,malta,Malta,TRE,1.9883606
2002-01-01T07:00:00Z,butte,Butte,AFG,3.4407739
2002-01-01T07:00:00Z,butte,Butte,BGR,6.6729137
2002-01-01T07:00:00Z,butte,Butte,LTR,11.0144707
2002-01-01T07:00:00Z,butte,Butte,PFG,33.380549
2002-01-01T07:00:00Z,butte,Butte,SHR,8.2297421
2002-01-01T07:00:00Z,butte,Butte,TRE,22.851672400000002
2002-01-01T07:00:00Z,billings,Billings,AFG,7.4452487
2002-01-01T07:00:00Z,billings,Billings,BGR,16.403935
2002-01-01T07:00:00Z,billings,Billings,LTR,11.5116549
2002-01-01T07:00:00Z,billings,Billings,PFG,38.4610139
2002-01-01T07:00:00Z,billings,Billings,SHR,8.4573332
2002-01-01T07:00:00Z,billings,Billings,TRE,5.4722303
2002-01-01T07:00:00Z,dillon,Dillon,AFG,3.0958878
2002-01-01T07:00:00Z,dillon,Dillon,BGR,8.5377927
2002-01-01T07:00:00Z,dillon,Dillon,LTR,12.0116414
2002-01-01T07:00:00Z,dillon,Dillon,PFG,38.1398802
2002-01-01T07:00:00Z,dillon,Dillon,SHR,10.3619184
2002-01-01T07:00:00Z,dillon,Dillon,TRE,16.5387074
2003-01-01T07:00:00Z,missoula,Missoula,AFG,2.3911368
2003-01-01T07:00:00Z,missoula,Missoula,BGR,2.7678468
2003-01-01T07:00:00Z,missoula,Missoula,LTR,7.6215827
2003-01-01T07:00:00Z,missoula,Missoula,PFG,22.5853305
2003-01-01T07:00:00Z,missoula,Missoula,SHR,4.8879748
2003-01-01T07:00:00Z,missoula,Missoula,TRE,39.1452542
2003-01-01T07:00:00Z,miles-city,Miles City,AFG,7.098788
2003-01-01T07:00:00Z,miles-city,Miles City,BGR,13.4297267
2003-01-01T07:00:00Z,miles-city,Miles City,LTR,6.8015867
2003-01-01T07:00:00Z,miles-city,Miles City,PFG,52.5515116
2003-01-01T07:00:00Z,miles-city,Miles City,SHR,4.7985014
2003-01-01T07:00:00Z,miles-city,Miles City,TRE,1.1680861
2003-01-01T07:00:00Z,lewistown,Lewistown,AFG,6.5024467
2003-01-01T07:00:00Z,lewistown,Lewistown,BGR,8.8108405
2003-01-01T07:00:00Z,lewistown,Lewistown,LTR,8.5115383
2003-01-01T07:00:00Z,lewistown,Lewistown,PFG,43.1000362
2003-01-01T07:00:00Z,lewistown,Lewistown,SHR,5.3612187
2003-01-01T07:00:00Z,lewistown,Lewistown,TRE,9.5290614
2003-01-01T07:00:00Z,malta,Malta,AFG,4.5354352
2003-01-01T07:00:00Z,malta,Malta,BGR,13.1589565
2003-01-01T07:00:00Z,malta,Malta,LTR,6.7260102
2003-01-01T07:00:00Z,malta,Malta,PFG,48.7419315
2003-01-01T07:00:00Z,malta,Malta,SHR,4.3910694
2003-01-01T07:00:00Z,malta,Malta,TRE,1.7768968
2003-01-01T07:00:00Z,butte,Butte,AFG,2.9431693
2003-01-01T07:00:00Z,butte,Butte,BGR,6.3545308
2003-01-01T07:00:00Z,butte,Butte,LTR,10.7906759
2003-01-01T07:00:00Z,butte,Butte,PFG,34.6508889
2003-01-01T07:00:00Z,butte,Butte,SHR,7.8065772
2003-01-01T07:00:00Z,butte,Butte,TRE,22.4466749
2003-01-01T07:00:00Z,billings,Billings,AFG,10.5183239
2003-01-01T07:00:00Z,billings,Billings,BGR,13.8271359
2003-01-01T07:00:00Z,billings,Billings,LTR,9.5178787
2003-01-01T07:00:00Z,billings,Billings,PFG,41.3465286
2003-01-01T07:00:00Z,billings,Billings,SHR,6.8170933
2003-01-01T07:00:00Z,billings,Billings,TRE,4.9440132
2003-01-01T07:00:00Z,dillon,Dillon,AFG,3.0058749
2003-01-01T07:00:00Z,dillon,Dillon,BGR,8.3793371
2003-01-01T07:00:00Z,dillon,Dillon,LTR,11.6954661
2003-01-01T07:00:00Z,dillon,Dillon,PFG,39.9789549
2003-01-01T07:00:00Z,dillon,Dillon,SHR,10.052658600000001
2003-01-01T07:00:00Z,dillon,Dillon,TRE,16.1678551
2004-01-01T07:00:00Z,missoula,Missoula,AFG,2.6436674
2004-01-01T07:00:00Z,missoula,Missoula,BGR,2.8573199
2004-01-01T07:00:00Z,missoula,Missoula,LTR,7.9045206
2004-01-01T07:00:00Z,missoula,Missoula,PFG,23.1990679
2004-01-01T07:00:00Z,missoula,Missoula,SHR,4.850355
2004-01-01T07:00:00Z,missoula,Missoula,TRE,37.8495991
2004-01-01T07:00:00Z,miles-city,Miles City,AFG,4.8414573
2004-01-01T07:00:00Z,miles-city,Miles City,BGR,17.2248637
2004-01-01T07:00:00Z,miles-city,Miles City,LTR,10.714338
2004-01-01T07:00:00Z,miles-city,Miles City,PFG,44.0743946
2004-01-01T07:00:00Z,miles-city,Miles City,SHR,6.1772725
2004-01-01T07:00:00Z,miles-city,Miles City,TRE,1.1622577
2004-01-01T07:00:00Z,lewistown,Lewistown,AFG,7.6363412
2004-01-01T07:00:00Z,lewistown,Lewistown,BGR,9.2538831
2004-01-01T07:00:00Z,lewistown,Lewistown,LTR,8.063437
2004-01-01T07:00:00Z,lewistown,Lewistown,PFG,40.7547174
2004-01-01T07:00:00Z,lewistown,Lewistown,SHR,5.6096131
2004-01-01T07:00:00Z,lewistown,Lewistown,TRE,9.0113221
2004-01-01T07:00:00Z,malta,Malta,AFG,5.4130737
2004-01-01T07:00:00Z,malta,Malta,BGR,12.5787214
2004-01-01T07:00:00Z,malta,Malta,LTR,6.1424474
2004-01-01T07:00:00Z,malta,Malta,PFG,45.6541901
2004-01-01T07:00:00Z,malta,Malta,SHR,5.0564699
2004-01-01T07:00:00Z,malta,Malta,TRE,1.6364827
2004-01-01T07:00:00Z,butte,Butte,AFG,3.5667172
2004-01-01T07:00:00Z,butte,Butte,BGR,6.9004335
2004-01-01T07:00:00Z,butte,Butte,LTR,11.0789485
2004-01-01T07:00:00Z,butte,Butte,PFG,33.8496611
2004-01-01T07:00:00Z,butte,Butte,SHR,8.3306051
2004-01-01T07:00:00Z,butte,Butte,TRE,21.8856292
2004-01-01T07:00:00Z,billings,Billings,AFG,7.9174933
2004-01-01T07:00:00Z,billings,Billings,BGR,17.2604399
2004-01-01T07:00:00Z,billings,Billings,LTR,12.6798718
2004-01-01T07:00:00Z,billings,Billings,PFG,37.1068524
2004-01-01T07:00:00Z,billings,Billings,SHR,7.4986766
2004-01-01T07:00:00Z,billings,Billings,TRE,4.9915483
2004-01-01T07:00:00Z,dillon,Dillon,AFG,3.3307103
2004-01-01T07:00:00Z,dillon,Dillon,BGR,9.055262
2004-01-01T07:00:00Z,dillon,Dillon,LTR,11.5494238
2004-01-01T07:00:00Z,dillon,Dillon,PFG,38.7182859
2004-01-01T07:00:00Z,dillon,Dillon,SHR,11.3209373
2004-01-01T07:00:00Z,dillon,Dillon,TRE,15.5005008
2005-01-01T07:00:00Z,missoula,Missoula,AFG,2.8014805
2005-01-01T07:00:00Z,missoula,Missoula,BGR,2.552037
2005-01-01T07:00:00Z,missoula,Missoula,LTR,7.7953962
2005-01-01T07:00:00Z,missoula,Missoula,PFG,23.0338747
2005-01-01T07:00:00Z,missoula,Missoula,SHR,4.6625763
2005-01-01T07:00:00Z,missoula,Missoula,TRE,38.1567325
2005-01-01T07:00:00Z,miles-city,Miles City,AFG,7.6143049
2005-01-01T07:00:00Z,miles-city,Miles City,BGR,12.8510461
2005-01-01T07:00:00Z,miles-city,Miles City,LTR,6.3893893
2005-01-01T07:00:00Z,miles-city,Miles City,PFG,51.2364952
2005-01-01T07:00:00Z,miles-city,Miles City,SHR,5.9634653
2005-01-01T07:00:00Z,miles-city,Miles City,TRE,1.2401509
2005-01-01T07:00:00Z,lewistown,Lewistown,AFG,7.7246823
2005-01-01T07:00:00Z,lewistown,Lewistown,BGR,7.8735064
2005-01-01T07:00:00Z,lewistown,Lewistown,LTR,8.1131781
2005-01-01T07:00:00Z,lewistown,Lewistown,PFG,41.9214989
2005-01-01T07:00:00Z,lewistown,Lewistown,SHR,5.9886534
2005-01-01T07:00:00Z,lewistown,Lewistown,TRE,9.7138076
2005-01-01T07:00:00Z,malta,Malta,AFG,5.5911217
2005-01-01T07:00:00Z,malta,Malta,BGR,11.6469473
2005-01-01T07:00:00Z,malta,Malta,LTR,6.6556377
2005-01-01T07:00:00Z,malta,Malta,PFG,46.2079729
2005-01-01T07:00:00Z,malta,Malta,SHR,5.5495843
2005-01-01T07:00:00Z,malta,Malta,TRE,1.8274809
2005-01-01T07:00:00Z,butte,Butte,AFG,3.6836648
2005-01-01T07:00:00Z,butte,Butte,BGR,5.8485366
2005-01-01T07:00:00Z,butte,Butte,LTR,10.3478665
2005-01-01T07:00:00Z,butte,Butte,PFG,34.6770607
2005-01-01T07:00:00Z,butte,Butte,SHR,7.8492249
2005-01-01T07:00:00Z,butte,Butte,TRE,23.1588281
2005-01-01T07:00:00Z,billings,Billings,AFG,10.8658893
2005-01-01T07:00:00Z,billings,Billings,BGR,12.9646182
2005-01-01T07:00:00Z,billings,Billings,LTR,8.8633966
2005-01-01T07:00:00Z,billings,Billings,PFG,41.5168159
2005-01-01T07:00:00Z,billings,Billings,SHR,8.0011016
2005-01-01T07:00:00Z,billings,Billings,TRE,5.3718222
2005-01-01T07:00:00Z,dillon,Dillon,AFG,3.5336419
2005-01-01T07:00:00Z,dillon,Dillon,BGR,7.5184688
2005-01-01T07:00:00Z,dillon,Dillon,LTR,10.3510151
2005-01-01T07:00:00Z,dillon,Dillon,PFG,41.6547368
2005-01-01T07:00:00Z,dillon,Dillon,SHR,10.6061344
2005-01-01T07:00:00Z,dillon,Dillon,TRE,16.6797427
2006-01-01T07:00:00Z,missoula,Missoula,AFG,2.8166002
2006-01-01T07:00:00Z,missoula,Missoula,BGR,2.3236185
2006-01-01T07:00:00Z,missoula,Missoula,LTR,7.713162
2006-01-01T07:00:00Z,missoula,Missoula,PFG,23.5688802
2006-01-01T07:00:00Z,missoula,Missoula,SHR,4.716263
2006-01-01T07:00:00Z,missoula,Missoula,TRE,38.6984589
2006-01-01T07:00:00Z,miles-city,Miles City,AFG,8.8748849
2006-01-01T07:00:00Z,miles-city,Miles City,BGR,13.3543229
2006-01-01T07:00:00Z,miles-city,Miles City,LTR,8.2872267
2006-01-01T07:00:00Z,miles-city,Miles City,PFG,49.0116388
2006-01-01T07:00:00Z,miles-city,Miles City,SHR,5.5557009
2006-01-01T07:00:00Z,miles-city,Miles City,TRE,1.3771385
2006-01-01T07:00:00Z,lewistown,Lewistown,AFG,8.1952846
2006-01-01T07:00:00Z,lewistown,Lewistown,BGR,7.6853592
2006-01-01T07:00:00Z,lewistown,Lewistown,LTR,8.4601432
2006-01-01T07:00:00Z,lewistown,Lewistown,PFG,41.9101239
2006-01-01T07:00:00Z,lewistown,Lewistown,SHR,5.6643187
2006-01-01T07:00:00Z,lewistown,Lewistown,TRE,9.7205202
2006-01-01T07:00:00Z,malta,Malta,AFG,6.0409501
2006-01-01T07:00:00Z,malta,Malta,BGR,11.4447714
2006-01-01T07:00:00Z,malta,Malta,LTR,7.8563172
2006-01-01T07:00:00Z,malta,Malta,PFG,45.7664753
2006-01-01T07:00:00Z,malta,Malta,SHR,4.7889162
2006-01-01T07:00:00Z,malta,Malta,TRE,1.9291212
2006-01-01T07:00:00Z,butte,Butte,AFG,3.5206102
2006-01-01T07:00:00Z,butte,Butte,BGR,5.3955811
2006-01-01T07:00:00Z,butte,Butte,LTR,10.3425346
2006-01-01T07:00:00Z,butte,Butte,PFG,35.6530413
2006-01-01T07:00:00Z,butte,Butte,SHR,7.746596
2006-01-01T07:00:00Z,butte,Butte,TRE,22.328627
2006-01-01T07:00:00Z,billings,Billings,AFG,11.8446067
2006-01-01T07:00:00Z,billings,Billings,BGR,13.0148196
2006-01-01T07:00:00Z,billings,Billings,LTR,11.9783719
2006-01-01T07:00:00Z,billings,Billings,PFG,39.2558063
2006-01-01T07:00:00Z,billings,Billings,SHR,7.3616053
2006-01-01T07:00:00Z,billings,Billings,TRE,5.5191855
2006-01-01T07:00:00Z,dillon,Dillon,AFG,3.03089
2006-01-01T07:00:00Z,dillon,Dillon,BGR,7.3654883
2006-01-01T07:00:00Z,dillon,Dillon,LTR,10.7817828
2006-01-01T07:00:00Z,dillon,Dillon,PFG,41.7726951
2006-01-01T07:00:00Z,dillon,Dillon,SHR,10.1075753
2006-01-01T07:00:00Z,dillon,Dillon,TRE,16.3943957
2007-01-01T07:00:00Z,missoula,Missoula,AFG,2.8289122
2007-01-01T07:00:00Z,missoula,Missoula,BGR,2.3758413
2007-01-01T07:00:00Z,missoula,Missoula,LTR,7.3752301
2007-01-01T07:00:00Z,missoula,Missoula,PFG,24.0367262
2007-01-01T07:00:00Z,missoula,Missoula,SHR,5.3990859
2007-01-01T07:00:00Z,missoula,Missoula,TRE,38.8664689
2007-01-01T07:00:00Z,miles-city,Miles City,AFG,13.256663
2007-01-01T07:00:00Z,miles-city,Miles City,BGR,11.9914617
2007-01-01T07:00:00Z,miles-city,Miles City,LTR,7.014669
2007-01-01T07:00:00Z,miles-city,Miles City,PFG,46.8247765
2007-01-01T07:00:00Z,miles-city,Miles City,SHR,5.8082785
2007-01-01T07:00:00Z,miles-city,Miles City,TRE,1.3607615
2007-01-01T07:00:00Z,lewistown,Lewistown,AFG,9.705812
2007-01-01T07:00:00Z,lewistown,Lewistown,BGR,7.7732677
2007-01-01T07:00:00Z,lewistown,Lewistown,LTR,8.8005319
2007-01-01T07:00:00Z,lewistown,Lewistown,PFG,40.6790767
2007-01-01T07:00:00Z,lewistown,Lewistown,SHR,5.9055184
2007-01-01T07:00:00Z,lewistown,Lewistown,TRE,9.4707625
2007-01-01T07:00:00Z,malta,Malta,AFG,8.6034702
2007-01-01T07:00:00Z,malta,Malta,BGR,11.8814927
2007-01-01T07:00:00Z,malta,Malta,LTR,7.34415
2007-01-01T07:00:00Z,malta,Malta,PFG,43.601716
2007-01-01T07:00:00Z,malta,Malta,SHR,5.0421832
2007-01-01T07:00:00Z,malta,Malta,TRE,1.8094343
2007-01-01T07:00:00Z,butte,Butte,AFG,4.4729218
2007-01-01T07:00:00Z,butte,Butte,BGR,5.9816307
2007-01-01T07:00:00Z,butte,Butte,LTR,10.8898763
2007-01-01T07:00:00Z,butte,Butte,PFG,34.8772454
2007-01-01T07:00:00Z,butte,Butte,SHR,8.7857988
2007-01-01T07:00:00Z,butte,Butte,TRE,19.8630095
2007-01-01T07:00:00Z,billings,Billings,AFG,17.4207425
2007-01-01T07:00:00Z,billings,Billings,BGR,10.9020894
2007-01-01T07:00:00Z,billings,Billings,LTR,9.1355777
2007-01-01T07:00:00Z,billings,Billings,PFG,37.9868807
2007-01-01T07:00:00Z,billings,Billings,SHR,7.676474
2007-01-01T07:00:00Z,billings,Billings,TRE,5.2201851
2007-01-01T07:00:00Z,dillon,Dillon,AFG,3.4900868
2007-01-01T07:00:00Z,dillon,Dillon,BGR,7.5703221
2007-01-01T07:00:00Z,dillon,Dillon,LTR,11.3083548
2007-01-01T07:00:00Z,dillon,Dillon,PFG,40.1066706
2007-01-01T07:00:00Z,dillon,Dillon,SHR,11.0129495
2007-01-01T07:00:00Z,dillon,Dillon,TRE,14.4359333
2008-01-01T07:00:00Z,missoula,Missoula,AFG,2.7764067
2008-01-01T07:00:00Z,missoula,Missoula,BGR,2.7360838
2008-01-01T07:00:00Z,missoula,Missoula,LTR,6.9948538
2008-01-01T07:00:00Z,missoula,Missoula,PFG,23.3523553
2008-01-01T07:00:00Z,missoula,Missoula,SHR,4.8717782
2008-01-01T07:00:00Z,missoula,Missoula,TRE,36.4024451
2008-01-01T07:00:00Z,miles-city,Miles City,AFG,7.6130399
2008-01-01T07:00:00Z,miles-city,Miles City,BGR,11.9365472
2008-01-01T07:00:00Z,miles-city,Miles City,LTR,7.9990717
2008-01-01T07:00:00Z,miles-city,Miles City,PFG,51.4164468
2008-01-01T07:00:00Z,miles-city,Miles City,SHR,5.8564855
2008-01-01T07:00:00Z,miles-city,Miles City,TRE,1.3426385
2008-01-01T07:00:00Z,lewistown,Lewistown,AFG,6.5136742
2008-01-01T07:00:00Z,lewistown,Lewistown,BGR,9.4409885
2008-01-01T07:00:00Z,lewistown,Lewistown,LTR,9.376086
2008-01-01T07:00:00Z,lewistown,Lewistown,PFG,42.2707778
2008-01-01T07:00:00Z,lewistown,Lewistown,SHR,5.6705884
2008-01-01T07:00:00Z,lewistown,Lewistown,TRE,8.6867861
2008-01-01T07:00:00Z,malta,Malta,AFG,5.5697519
2008-01-01T07:00:00Z,malta,Malta,BGR,13.1162349
2008-01-01T07:00:00Z,malta,Malta,LTR,7.768808
2008-01-01T07:00:00Z,malta,Malta,PFG,46.4648342
2008-01-01T07:00:00Z,malta,Malta,SHR,5.041756
2008-01-01T07:00:00Z,malta,Malta,TRE,1.6452224
2008-01-01T07:00:00Z,butte,Butte,AFG,3.7650578
2008-01-01T07:00:00Z,butte,Butte,BGR,6.451347
2008-01-01T07:00:00Z,butte,Butte,LTR,10.6201831
2008-01-01T07:00:00Z,butte,Butte,PFG,33.6801333
2008-01-01T07:00:00Z,butte,Butte,SHR,8.1354445
2008-01-01T07:00:00Z,butte,Butte,TRE,19.162331
2008-01-01T07:00:00Z,billings,Billings,AFG,9.1358269
2008-01-01T07:00:00Z,billings,Billings,BGR,11.6866599
2008-01-01T07:00:00Z,billings,Billings,LTR,11.3337709
2008-01-01T07:00:00Z,billings,Billings,PFG,42.8650577
2008-01-01T07:00:00Z,billings,Billings,SHR,7.6845644
2008-01-01T07:00:00Z,billings,Billings,TRE,5.1810179
2008-01-01T07:00:00Z,dillon,Dillon,AFG,3.48315
2008-01-01T07:00:00Z,dillon,Dillon,BGR,7.9931338
2008-01-01T07:00:00Z,dillon,Dillon,LTR,11.0130343
2008-01-01T07:00:00Z,dillon,Dillon,PFG,39.8042982
2008-01-01T07:00:00Z,dillon,Dillon,SHR,10.8068856
2008-01-01T07:00:00Z,dillon,Dillon,TRE,14.0766425
2009-01-01T07:00:00Z,missoula,Missoula,AFG,2.3227348
2009-01-01T07:00:00Z,missoula,Missoula,BGR,2.5655686
2009-01-01T07:00:00Z,missoula,Missoula,LTR,7.7486909
2009-01-01T07:00:00Z,missoula,Missoula,PFG,24.5572967
2009-01-01T07:00:00Z,missoula,Missoula,SHR,5.0279188
2009-01-01T07:00:00Z,missoula,Missoula,TRE,36.8679173
2009-01-01T07:00:00Z,miles-city,Miles City,AFG,5.6585505
2009-01-01T07:00:00Z,miles-city,Miles City,BGR,12.070065
2009-01-01T07:00:00Z,miles-city,Miles City,LTR,7.4111542
2009-01-01T07:00:00Z,miles-city,Miles City,PFG,53.4925787
2009-01-01T07:00:00Z,miles-city,Miles City,SHR,6.3005201
2009-01-01T07:00:00Z,miles-city,Miles City,TRE,1.4522786
2009-01-01T07:00:00Z,lewistown,Lewistown,AFG,4.8716339
2009-01-01T07:00:00Z,lewistown,Lewistown,BGR,8.9813387
2009-01-01T07:00:00Z,lewistown,Lewistown,LTR,9.1531815
2009-01-01T07:00:00Z,lewistown,Lewistown,PFG,46.1684772
2009-01-01T07:00:00Z,lewistown,Lewistown,SHR,6.3127355
2009-01-01T07:00:00Z,lewistown,Lewistown,TRE,8.5799231
2009-01-01T07:00:00Z,malta,Malta,AFG,3.6877577
2009-01-01T07:00:00Z,malta,Malta,BGR,12.7398926
2009-01-01T07:00:00Z,malta,Malta,LTR,7.5317175
2009-01-01T07:00:00Z,malta,Malta,PFG,48.8487386
2009-01-01T07:00:00Z,malta,Malta,SHR,5.4979304
2009-01-01T07:00:00Z,malta,Malta,TRE,1.7623061
2009-01-01T07:00:00Z,butte,Butte,AFG,2.8209299
2009-01-01T07:00:00Z,butte,Butte,BGR,6.2623151
2009-01-01T07:00:00Z,butte,Butte,LTR,10.7423837
2009-01-01T07:00:00Z,butte,Butte,PFG,36.8137706
2009-01-01T07:00:00Z,butte,Butte,SHR,8.7311882
2009-01-01T07:00:00Z,butte,Butte,TRE,18.2153808
2009-01-01T07:00:00Z,billings,Billings,AFG,10.0397267
2009-01-01T07:00:00Z,billings,Billings,BGR,11.1860446
2009-01-01T07:00:00Z,billings,Billings,LTR,10.5317203
2009-01-01T07:00:00Z,billings,Billings,PFG,43.3545566
2009-01-01T07:00:00Z,billings,Billings,SHR,7.9013176
2009-01-01T07:00:00Z,billings,Billings,TRE,5.1486993
2009-01-01T07:00:00Z,dillon,Dillon,AFG,2.6300057
2009-01-01T07:00:00Z,dillon,Dillon,BGR,8.0380786
2009-01-01T07:00:00Z,dillon,Dillon,LTR,10.7930661
2009-01-01T07:00:00Z,dillon,Dillon,PFG,41.5233815
2009-01-01T07:00:00Z,dillon,Dillon,SHR,11.3773538
2009-01-01T07:00:00Z,dillon,Dillon,TRE,13.4518906
2010-01-01T07:00:00Z,missoula,Missoula,AFG,2.4167134
2010-01-01T07:00:00Z,missoula,Missoula,BGR,2.4894481
2010-01-01T07:00:00Z,missoula,Missoula,LTR,7.6476857
2010-01-01T07:00:00Z,missoula,Missoula,PFG,24.0946134
2010-01-01T07:00:00Z,missoula,Missoula,SHR,5.3335379
2010-01-01T07:00:00Z,missoula,Missoula,TRE,36.4738849
2010-01-01T07:00:00Z,miles-city,Miles City,AFG,5.5890622
2010-01-01T07:00:00Z,miles-city,Miles City,BGR,10.6926169
2010-01-01T07:00:00Z,miles-city,Miles City,LTR,6.0721916
2010-01-01T07:00:00Z,miles-city,Miles City,PFG,57.092934
2010-01-01T07:00:00Z,miles-city,Miles City,SHR,6.9042504
2010-01-01T07:00:00Z,miles-city,Miles City,TRE,1.4429975
2010-01-01T07:00:00Z,lewistown,Lewistown,AFG,5.5893135
2010-01-01T07:00:00Z,lewistown,Lewistown,BGR,7.7009832
2010-01-01T07:00:00Z,lewistown,Lewistown,LTR,8.0544895
2010-01-01T07:00:00Z,lewistown,Lewistown,PFG,46.3397715
2010-01-01T07:00:00Z,lewistown,Lewistown,SHR,6.9049149
2010-01-01T07:00:00Z,lewistown,Lewistown,TRE,8.5018873
2010-01-01T07:00:00Z,malta,Malta,AFG,4.5566113
2010-01-01T07:00:00Z,malta,Malta,BGR,12.522983
2010-01-01T07:00:00Z,malta,Malta,LTR,6.7744871
2010-01-01T07:00:00Z,malta,Malta,PFG,49.7867781
2010-01-01T07:00:00Z,malta,Malta,SHR,6.3969878
2010-01-01T07:00:00Z,malta,Malta,TRE,1.8727554
2010-01-01T07:00:00Z,butte,Butte,AFG,2.7496148
2010-01-01T07:00:00Z,butte,Butte,BGR,5.68433
2010-01-01T07:00:00Z,butte,Butte,LTR,10.4204175
2010-01-01T07:00:00Z,butte,Butte,PFG,38.2695357
2010-01-01T07:00:00Z,butte,Butte,SHR,9.3236318
2010-01-01T07:00:00Z,butte,Butte,TRE,16.8702332
2010-01-01T07:00:00Z,billings,Billings,AFG,8.4153388
2010-01-01T07:00:00Z,billings,Billings,BGR,11.006863
2010-01-01T07:00:00Z,billings,Billings,LTR,9.81096
2010-01-01T07:00:00Z,billings,Billings,PFG,45.0199551
2010-01-01T07:00:00Z,billings,Billings,SHR,8.7081585
2010-01-01T07:00:00Z,billings,Billings,TRE,5.1259322
2010-01-01T07:00:00Z,dillon,Dillon,AFG,2.4578016
2010-01-01T07:00:00Z,dillon,Dillon,BGR,7.3027236
2010-01-01T07:00:00Z,dillon,Dillon,LTR,10.4257719
2010-01-01T07:00:00Z,dillon,Dillon,PFG,41.9788916
2010-01-01T07:00:00Z,dillon,Dillon,SHR,12.0291905
2010-01-01T07:00:00Z,dillon,Dillon,TRE,13.3024714
2011-01-01T07:00:00Z,missoula,Missoula,AFG,2.1950396
2011-01-01T07:00:00Z,missoula,Missoula,BGR,2.0477112
2011-01-01T07:00:00Z,missoula,Missoula,LTR,6.7766544
2011-01-01T07:00:00Z,missoula,Missoula,PFG,25.4829704
2011-01-01T07:00:00Z,missoula,Missoula,SHR,4.8042074
2011-01-01T07:00:00Z,missoula,Missoula,TRE,38.1567135
2011-01-01T07:00:00Z,miles-city,Miles City,AFG,6.6797432
2011-01-01T07:00:00Z,miles-city,Miles City,BGR,8.2279018
2011-01-01T07:00:00Z,miles-city,Miles City,LTR,5.1787425
2011-01-01T07:00:00Z,miles-city,Miles City,PFG,60.7325373
2011-01-01T07:00:00Z,miles-city,Miles City,SHR,6.0155564
2011-01-01T07:00:00Z,miles-city,Miles City,TRE,1.4626907
2011-01-01T07:00:00Z,lewistown,Lewistown,AFG,5.8812413
2011-01-01T07:00:00Z,lewistown,Lewistown,BGR,6.0868027
2011-01-01T07:00:00Z,lewistown,Lewistown,LTR,7.3513519
2011-01-01T07:00:00Z,lewistown,Lewistown,PFG,49.9863272
2011-01-01T07:00:00Z,lewistown,Lewistown,SHR,5.7138243
2011-01-01T07:00:00Z,lewistown,Lewistown,TRE,8.435916
2011-01-01T07:00:00Z,malta,Malta,AFG,5.2608446
2011-01-01T07:00:00Z,malta,Malta,BGR,9.0891359
2011-01-01T07:00:00Z,malta,Malta,LTR,5.8934653
2011-01-01T07:00:00Z,malta,Malta,PFG,53.1752288
2011-01-01T07:00:00Z,malta,Malta,SHR,5.2247494
2011-01-01T07:00:00Z,malta,Malta,TRE,2.0144217
2011-01-01T07:00:00Z,butte,Butte,AFG,3.2190947
2011-01-01T07:00:00Z,butte,Butte,BGR,5.0087228
2011-01-01T07:00:00Z,butte,Butte,LTR,9.9892886
2011-01-01T07:00:00Z,butte,Butte,PFG,39.888598
2011-01-01T07:00:00Z,butte,Butte,SHR,8.5604115
2011-01-01T07:00:00Z,butte,Butte,TRE,17.3625735
2011-01-01T07:00:00Z,billings,Billings,AFG,9.0006054
2011-01-01T07:00:00Z,billings,Billings,BGR,8.8808762
2011-01-01T07:00:00Z,billings,Billings,LTR,8.4031313
2011-01-01T07:00:00Z,billings,Billings,PFG,49.4070139
2011-01-01T07:00:00Z,billings,Billings,SHR,7.9680822
2011-01-01T07:00:00Z,billings,Billings,TRE,4.9954706
2011-01-01T07:00:00Z,dillon,Dillon,AFG,2.6525907
2011-01-01T07:00:00Z,dillon,Dillon,BGR,6.6722889
2011-01-01T07:00:00Z,dillon,Dillon,LTR,10.3867362
2011-01-01T07:00:00Z,dillon,Dillon,PFG,43.3637032
2011-01-01T07:00:00Z,dillon,Dillon,SHR,11.5504716
2011-01-01T07:00:00Z,dillon,Dillon,TRE,14.1186178
2012-01-01T07:00:00Z,missoula,Missoula,AFG,2.817686
2012-01-01T07:00:00Z,missoula,Missoula,BGR,2.4100161
2012-01-01T07:00:00Z,missoula,Missoula,LTR,8.0612263
2012-01-01T07:00:00Z,missoula,Missoula,PFG,24.5400399
2012-01-01T07:00:00Z,missoula,Missoula,SHR,4.6323427
2012-01-01T07:00:00Z,missoula,Missoula,TRE,38.3928282
2012-01-01T07:00:00Z,miles-city,Miles City,AFG,4.6771994
2012-01-01T07:00:00Z,miles-city,Miles City,BGR,10.2458654
2012-01-01T07:00:00Z,miles-city,Miles City,LTR,9.0634053
2012-01-01T07:00:00Z,miles-city,Miles City,PFG,56.6498041
2012-01-01T07:00:00Z,miles-city,Miles City,SHR,4.888064
2012-01-01T07:00:00Z,miles-city,Miles City,TRE,1.4393195
2012-01-01T07:00:00Z,lewistown,Lewistown,AFG,6.690603
2012-01-01T07:00:00Z,lewistown,Lewistown,BGR,7.2232094
2012-01-01T07:00:00Z,lewistown,Lewistown,LTR,9.8268781
2012-01-01T07:00:00Z,lewistown,Lewistown,PFG,46.1623068
2012-01-01T07:00:00Z,lewistown,Lewistown,SHR,4.9400185
2012-01-01T07:00:00Z,lewistown,Lewistown,TRE,8.2526022
2012-01-01T07:00:00Z,malta,Malta,AFG,5.7215255
2012-01-01T07:00:00Z,malta,Malta,BGR,8.1744356
2012-01-01T07:00:00Z,malta,Malta,LTR,7.2620695
2012-01-01T07:00:00Z,malta,Malta,PFG,49.5691363
2012-01-01T07:00:00Z,malta,Malta,SHR,4.1487342
2012-01-01T07:00:00Z,malta,Malta,TRE,2.1277561
2012-01-01T07:00:00Z,butte,Butte,AFG,3.8190369
2012-01-01T07:00:00Z,butte,Butte,BGR,6.4839233
2012-01-01T07:00:00Z,butte,Butte,LTR,12.6254013
2012-01-01T07:00:00Z,butte,Butte,PFG,36.6112354
2012-01-01T07:00:00Z,butte,Butte,SHR,8.339068
2012-01-01T07:00:00Z,butte,Butte,TRE,18.1068497
2012-01-01T07:00:00Z,billings,Billings,AFG,8.7404375
2012-01-01T07:00:00Z,billings,Billings,BGR,11.5644868
2012-01-01T07:00:00Z,billings,Billings,LTR,12.9559419
2012-01-01T07:00:00Z,billings,Billings,PFG,44.3872543
2012-01-01T07:00:00Z,billings,Billings,SHR,6.781034
2012-01-01T07:00:00Z,billings,Billings,TRE,5.0252848
2012-01-01T07:00:00Z,dillon,Dillon,AFG,3.0407056
2012-01-01T07:00:00Z,dillon,Dillon,BGR,8.1755397
2012-01-01T07:00:00Z,dillon,Dillon,LTR,13.1255259
2012-01-01T07:00:00Z,dillon,Dillon,PFG,39.0820697
2012-01-01T07:00:00Z,dillon,Dillon,SHR,10.8073522
2012-01-01T07:00:00Z,dillon,Dillon,TRE,14.0468105
2013-01-01T07:00:00Z,missoula,Missoula,AFG,2.5650847
2013-01-01T07:00:00Z,missoula,Missoula,BGR,2.5184351
2013-01-01T07:00:00Z,missoula,Missoula,LTR,8.2832408
2013-01-01T07:00:00Z,missoula,Missoula,PFG,22.1219689
2013-01-01T07:00:00Z,missoula,Missoula,SHR,4.8548913
2013-01-01T07:00:00Z,missoula,Missoula,TRE,39.5134775
2013-01-01T07:00:00Z,miles-city,Miles City,AFG,6.4851075
2013-01-01T07:00:00Z,miles-city,Miles City,BGR,9.7474761
2013-01-01T07:00:00Z,miles-city,Miles City,LTR,7.8802734
2013-01-01T07:00:00Z,miles-city,Miles City,PFG,51.8527499
2013-01-01T07:00:00Z,miles-city,Miles City,SHR,5.6542669
2013-01-01T07:00:00Z,miles-city,Miles City,TRE,1.6941132
2013-01-01T07:00:00Z,lewistown,Lewistown,AFG,7.2387849
2013-01-01T07:00:00Z,lewistown,Lewistown,BGR,7.2074531
2013-01-01T07:00:00Z,lewistown,Lewistown,LTR,9.1956632
2013-01-01T07:00:00Z,lewistown,Lewistown,PFG,42.3543714
2013-01-01T07:00:00Z,lewistown,Lewistown,SHR,5.3713762
2013-01-01T07:00:00Z,lewistown,Lewistown,TRE,8.9746396
2013-01-01T07:00:00Z,malta,Malta,AFG,4.4252743
2013-01-01T07:00:00Z,malta,Malta,BGR,8.0016521
2013-01-01T07:00:00Z,malta,Malta,LTR,6.9160119
2013-01-01T07:00:00Z,malta,Malta,PFG,47.0492292
2013-01-01T07:00:00Z,malta,Malta,SHR,4.783006
2013-01-01T07:00:00Z,malta,Malta,TRE,2.3867386
2013-01-01T07:00:00Z,butte,Butte,AFG,4.2774615
2013-01-01T07:00:00Z,butte,Butte,BGR,7.0547175
2013-01-01T07:00:00Z,butte,Butte,LTR,13.0726346
2013-01-01T07:00:00Z,butte,Butte,PFG,32.4681889
2013-01-01T07:00:00Z,butte,Butte,SHR,8.1323617
2013-01-01T07:00:00Z,butte,Butte,TRE,20.4231759
2013-01-01T07:00:00Z,billings,Billings,AFG,11.0319511
2013-01-01T07:00:00Z,billings,Billings,BGR,12.6185204
2013-01-01T07:00:00Z,billings,Billings,LTR,12.6600204
2013-01-01T07:00:00Z,billings,Billings,PFG,39.5081501
2013-01-01T07:00:00Z,billings,Billings,SHR,6.6965028
2013-01-01T07:00:00Z,billings,Billings,TRE,5.3556381
2013-01-01T07:00:00Z,dillon,Dillon,AFG,4.0093298
2013-01-01T07:00:00Z,dillon,Dillon,BGR,8.7113952
2013-01-01T07:00:00Z,dillon,Dillon,LTR,12.9583161
2013-01-01T07:00:00Z,dillon,Dillon,PFG,36.9559228
2013-01-01T07:00:00Z,dillon,Dillon,SHR,10.1233359
2013-01-01T07:00:00Z,dillon,Dillon,TRE,15.4408331
2014-01-01T07:00:00Z,missoula,Missoula,AFG,2.4802849
2014-01-01T07:00:00Z,missoula,Missoula,BGR,2.8064567
2014-01-01T07:00:00Z,missoula,Missoula,LTR,7.4058603
2014-01-01T07:00:00Z,missoula,Missoula,PFG,18.1478616
2014-01-01T07:00:00Z,missoula,Missoula,SHR,4.7091657
2014-01-01T07:00:00Z,missoula,Missoula,TRE,42.6556205
2014-01-01T07:00:00Z,miles-city,Miles City,AFG,7.4701362
2014-01-01T07:00:00Z,miles-city,Miles City,BGR,8.154279
2014-01-01T07:00:00Z,miles-city,Miles City,LTR,7.1220836
2014-01-01T07:00:00Z,miles-city,Miles City,PFG,51.8494516
2014-01-01T07:00:00Z,miles-city,Miles City,SHR,6.370636
2014-01-01T07:00:00Z,miles-city,Miles City,TRE,1.99654
2014-01-01T07:00:00Z,lewistown,Lewistown,AFG,5.7101304
2014-01-01T07:00:00Z,lewistown,Lewistown,BGR,6.6868787
2014-01-01T07:00:00Z,lewistown,Lewistown,LTR,9.315435
2014-01-01T07:00:00Z,lewistown,Lewistown,PFG,41.3623513
2014-01-01T07:00:00Z,lewistown,Lewistown,SHR,5.6079319
2014-01-01T07:00:00Z,lewistown,Lewistown,TRE,10.5657822
2014-01-01T07:00:00Z,malta,Malta,AFG,4.4656226
2014-01-01T07:00:00Z,malta,Malta,BGR,7.8186623
2014-01-01T07:00:00Z,malta,Malta,LTR,8.0446037
2014-01-01T07:00:00Z,malta,Malta,PFG,46.0555042
2014-01-01T07:00:00Z,malta,Malta,SHR,5.2832499
2014-01-01T07:00:00Z,malta,Malta,TRE,2.648248
2014-01-01T07:00:00Z,butte,Butte,AFG,4.283409
2014-01-01T07:00:00Z,butte,Butte,BGR,6.285219
2014-01-01T07:00:00Z,butte,Butte,LTR,11.011818
2014-01-01T07:00:00Z,butte,Butte,PFG,30.0574002
2014-01-01T07:00:00Z,butte,Butte,SHR,7.8833416
2014-01-01T07:00:00Z,butte,Butte,TRE,22.9840325
2014-01-01T07:00:00Z,billings,Billings,AFG,11.5565585
2014-01-01T07:00:00Z,billings,Billings,BGR,8.9736994
2014-01-01T07:00:00Z,billings,Billings,LTR,8.6228328
2014-01-01T07:00:00Z,billings,Billings,PFG,42.6798513
2014-01-01T07:00:00Z,billings,Billings,SHR,7.8606925
2014-01-01T07:00:00Z,billings,Billings,TRE,6.4208616
2014-01-01T07:00:00Z,dillon,Dillon,AFG,3.9049722
2014-01-01T07:00:00Z,dillon,Dillon,BGR,7.8922718
2014-01-01T07:00:00Z,dillon,Dillon,LTR,11.2547409
2014-01-01T07:00:00Z,dillon,Dillon,PFG,35.6742375
2014-01-01T07:00:00Z,dillon,Dillon,SHR,11.4449245
2014-01-01T07:00:00Z,dillon,Dillon,TRE,16.6066906
2015-01-01T07:00:00Z,missoula,Missoula,AFG,2.7676254
2015-01-01T07:00:00Z,missoula,Missoula,BGR,3.0062724
2015-01-01T07:00:00Z,missoula,Missoula,LTR,8.2481355
2015-01-01T07:00:00Z,missoula,Missoula,PFG,17.8039963
2015-01-01T07:00:00Z,missoula,Missoula,SHR,4.914229
2015-01-01T07:00:00Z,missoula,Missoula,TRE,40.9732207
2015-01-01T07:00:00Z,miles-city,Miles City,AFG,7.696851
2015-01-01T07:00:00Z,miles-city,Miles City,BGR,8.1723341
2015-01-01T07:00:00Z,miles-city,Miles City,LTR,8.2858611
2015-01-01T07:00:00Z,miles-city,Miles City,PFG,49.8191776
2015-01-01T07:00:00Z,miles-city,Miles City,SHR,5.9886344
2015-01-01T07:00:00Z,miles-city,Miles City,TRE,1.7068433
2015-01-01T07:00:00Z,lewistown,Lewistown,AFG,6.5922864
2015-01-01T07:00:00Z,lewistown,Lewistown,BGR,6.4769545
2015-01-01T07:00:00Z,lewistown,Lewistown,LTR,9.1795768
2015-01-01T07:00:00Z,lewistown,Lewistown,PFG,38.9882962
2015-01-01T07:00:00Z,lewistown,Lewistown,SHR,5.4651223
2015-01-01T07:00:00Z,lewistown,Lewistown,TRE,10.2207991
2015-01-01T07:00:00Z,malta,Malta,AFG,4.6333499
2015-01-01T07:00:00Z,malta,Malta,BGR,7.4697869
2015-01-01T07:00:00Z,malta,Malta,LTR,8.1025674
2015-01-01T07:00:00Z,malta,Malta,PFG,42.1770559
2015-01-01T07:00:00Z,malta,Malta,SHR,4.7907319
2015-01-01T07:00:00Z,malta,Malta,TRE,2.9271712
2015-01-01T07:00:00Z,butte,Butte,AFG,3.8377987
2015-01-01T07:00:00Z,butte,Butte,BGR,5.9526543
2015-01-01T07:00:00Z,butte,Butte,LTR,11.172978
2015-01-01T07:00:00Z,butte,Butte,PFG,30.1518429
2015-01-01T07:00:00Z,butte,Butte,SHR,7.3887017
2015-01-01T07:00:00Z,butte,Butte,TRE,23.0051929
2015-01-01T07:00:00Z,billings,Billings,AFG,11.0486936
2015-01-01T07:00:00Z,billings,Billings,BGR,9.3207063
2015-01-01T07:00:00Z,billings,Billings,LTR,10.6749262
2015-01-01T07:00:00Z,billings,Billings,PFG,40.8546181
2015-01-01T07:00:00Z,billings,Billings,SHR,8.1420091
2015-01-01T07:00:00Z,billings,Billings,TRE,6.0722824
2015-01-01T07:00:00Z,dillon,Dillon,AFG,3.5978192
2015-01-01T07:00:00Z,dillon,Dillon,BGR,7.254754
2015-01-01T07:00:00Z,dillon,Dillon,LTR,10.903269
2015-01-01T07:00:00Z,dillon,Dillon,PFG,37.9056559
2015-01-01T07:00:00Z,dillon,Dillon,SHR,11.2417042
2015-01-01T07:00:00Z,dillon,Dillon,TRE,16.1983568
2016-01-01T07:00:00Z,missoula,Missoula,AFG,3.2866714
2016-01-01T07:00:00Z,missoula,Missoula,BGR,2.9781133
2016-01-01T07:00:00Z,missoula,Missoula,LTR,7.6559314
2016-01-01T07:00:00Z,missoula,Missoula,PFG,17.7170942
2016-01-01T07:00:00Z,missoula,Missoula,SHR,5.6776461
2016-01-01T07:00:00Z,missoula,Missoula,TRE,40.4409129
2016-01-01T07:00:00Z,miles-city,Miles City,AFG,8.238509
2016-01-01T07:00:00Z,miles-city,Miles City,BGR,8.4905739
2016-01-01T07:00:00Z,miles-city,Miles City,LTR,9.1328247
2016-01-01T07:00:00Z,miles-city,Miles City,PFG,46.1938507
2016-01-01T07:00:00Z,miles-city,Miles City,SHR,6.5145635
2016-01-01T07:00:00Z,miles-city,Miles City,TRE,1.9015579
2016-01-01T07:00:00Z,lewistown,Lewistown,AFG,8.1796157
2016-01-01T07:00:00Z,lewistown,Lewistown,BGR,6.2235463
2016-01-01T07:00:00Z,lewistown,Lewistown,LTR,8.9921068
2016-01-01T07:00:00Z,lewistown,Lewistown,PFG,36.8633858
2016-01-01T07:00:00Z,lewistown,Lewistown,SHR,6.2785226
2016-01-01T07:00:00Z,lewistown,Lewistown,TRE,10.0422242
2016-01-01T07:00:00Z,malta,Malta,AFG,5.8906921
2016-01-01T07:00:00Z,malta,Malta,BGR,6.6848233
2016-01-01T07:00:00Z,malta,Malta,LTR,6.7759019
2016-01-01T07:00:00Z,malta,Malta,PFG,41.0567515
2016-01-01T07:00:00Z,malta,Malta,SHR,5.7044543
2016-01-01T07:00:00Z,malta,Malta,TRE,2.8191631
2016-01-01T07:00:00Z,butte,Butte,AFG,4.4730739
2016-01-01T07:00:00Z,butte,Butte,BGR,5.7813195
2016-01-01T07:00:00Z,butte,Butte,LTR,11.0002888
2016-01-01T07:00:00Z,butte,Butte,PFG,29.5264014
2016-01-01T07:00:00Z,butte,Butte,SHR,7.8555999
2016-01-01T07:00:00Z,butte,Butte,TRE,22.7430305
2016-01-01T07:00:00Z,billings,Billings,AFG,11.4040749
2016-01-01T07:00:00Z,billings,Billings,BGR,9.9520783
2016-01-01T07:00:00Z,billings,Billings,LTR,12.7042074
2016-01-01T07:00:00Z,billings,Billings,PFG,36.9062248
2016-01-01T07:00:00Z,billings,Billings,SHR,8.1658612
2016-01-01T07:00:00Z,billings,Billings,TRE,6.3740791
2016-01-01T07:00:00Z,dillon,Dillon,AFG,4.4022773
2016-01-01T07:00:00Z,dillon,Dillon,BGR,6.7713151
2016-01-01T07:00:00Z,dillon,Dillon,LTR,11.3927359
2016-01-01T07:00:00Z,dillon,Dillon,PFG,37.1745815
2016-01-01T07:00:00Z,dillon,Dillon,SHR,10.9285352
2016-01-01T07:00:00Z,dillon,Dillon,TRE,16.4959465
2017-01-01T07:00:00Z,missoula,Missoula,AFG,3.1159672
2017-01-01T07:00:00Z,missoula,Missoula,BGR,2.4835055
2017-01-01T07:00:00Z,missoula,Missoula,LTR,6.3352888
2017-01-01T07:00:00Z,missoula,Missoula,PFG,17.921914
2017-01-01T07:00:00Z,missoula,Missoula,SHR,5.1133581
2017-01-01T07:00:00Z,missoula,Missoula,TRE,41.6155314
2017-01-01T07:00:00Z,miles-city,Miles City,AFG,12.7744678
2017-01-01T07:00:00Z,miles-city,Miles City,BGR,9.1991688
2017-01-01T07:00:00Z,miles-city,Miles City,LTR,9.0115698
2017-01-01T07:00:00Z,miles-city,Miles City,PFG,42.6885482
2017-01-01T07:00:00Z,miles-city,Miles City,SHR,6.1687935
2017-01-01T07:00:00Z,miles-city,Miles City,TRE,1.7503428
2017-01-01T07:00:00Z,lewistown,Lewistown,AFG,10.662396
2017-01-01T07:00:00Z,lewistown,Lewistown,BGR,4.8356815
2017-01-01T07:00:00Z,lewistown,Lewistown,LTR,7.4542795
2017-01-01T07:00:00Z,lewistown,Lewistown,PFG,38.3010648
2017-01-01T07:00:00Z,lewistown,Lewistown,SHR,5.2034859
2017-01-01T07:00:00Z,lewistown,Lewistown,TRE,9.6299221
2017-01-01T07:00:00Z,malta,Malta,AFG,7.3772995
2017-01-01T07:00:00Z,malta,Malta,BGR,6.0305121
2017-01-01T07:00:00Z,malta,Malta,LTR,6.7035465
2017-01-01T07:00:00Z,malta,Malta,PFG,41.7373813
2017-01-01T07:00:00Z,malta,Malta,SHR,4.6398289
2017-01-01T07:00:00Z,malta,Malta,TRE,2.2628181
2017-01-01T07:00:00Z,butte,Butte,AFG,5.2598929
2017-01-01T07:00:00Z,butte,Butte,BGR,5.0713481
2017-01-01T07:00:00Z,butte,Butte,LTR,9.7829656
2017-01-01T07:00:00Z,butte,Butte,PFG,31.2186961
2017-01-01T07:00:00Z,butte,Butte,SHR,7.9918007
2017-01-01T07:00:00Z,butte,Butte,TRE,22.1231332
2017-01-01T07:00:00Z,billings,Billings,AFG,17.3577626
2017-01-01T07:00:00Z,billings,Billings,BGR,8.3397434
2017-01-01T07:00:00Z,billings,Billings,LTR,8.9447262
2017-01-01T07:00:00Z,billings,Billings,PFG,37.188143
2017-01-01T07:00:00Z,billings,Billings,SHR,7.4604785
2017-01-01T07:00:00Z,billings,Billings,TRE,6.2644851
2017-01-01T07:00:00Z,dillon,Dillon,AFG,5.1073826
2017-01-01T07:00:00Z,dillon,Dillon,BGR,6.4679996
2017-01-01T07:00:00Z,dillon,Dillon,LTR,10.2365185
2017-01-01T07:00:00Z,dillon,Dillon,PFG,37.3203015
2017-01-01T07:00:00Z,dillon,Dillon,SHR,10.9687855
2017-01-01T07:00:00Z,dillon,Dillon,TRE,17.0062706
2018-01-01T07:00:00Z,missoula,Missoula,AFG,3.2990283
2018-01-01T07:00:00Z,missoula,Missoula,BGR,2.6734238
2018-01-01T07:00:00Z,missoula,Missoula,LTR,6.6109179
2018-01-01T07:00:00Z,missoula,Missoula,PFG,20.1424164
2018-01-01T07:00:00Z,missoula,Missoula,SHR,5.1113197
2018-01-01T07:00:00Z,missoula,Missoula,TRE,41.4276756
2018-01-01T07:00:00Z,miles-city,Miles City,AFG,16.6358232
2018-01-01T07:00:00Z,miles-city,Miles City,BGR,9.5624696
2018-01-01T07:00:00Z,miles-city,Miles City,LTR,6.3597451
2018-01-01T07:00:00Z,miles-city,Miles City,PFG,41.2658535
2018-01-01T07:00:00Z,miles-city,Miles City,SHR,6.6851089
2018-01-01T07:00:00Z,miles-city,Miles City,TRE,1.6294258
2018-01-01T07:00:00Z,lewistown,Lewistown,AFG,11.8179069
2018-01-01T07:00:00Z,lewistown,Lewistown,BGR,5.7246055
2018-01-01T07:00:00Z,lewistown,Lewistown,LTR,7.1205177
2018-01-01T07:00:00Z,lewistown,Lewistown,PFG,36.0731606
2018-01-01T07:00:00Z,lewistown,Lewistown,SHR,5.9825974
2018-01-01T07:00:00Z,lewistown,Lewistown,TRE,9.5782068
2018-01-01T07:00:00Z,malta,Malta,AFG,8.9010227
2018-01-01T07:00:00Z,malta,Malta,BGR,8.4190893
2018-01-01T07:00:00Z,malta,Malta,LTR,6.805685
2018-01-01T07:00:00Z,malta,Malta,PFG,37.3417902
2018-01-01T07:00:00Z,malta,Malta,SHR,5.3173991
2018-01-01T07:00:00Z,malta,Malta,TRE,2.3573894
2018-01-01T07:00:00Z,butte,Butte,AFG,5.1334195
2018-01-01T07:00:00Z,butte,Butte,BGR,5.0943985
2018-01-01T07:00:00Z,butte,Butte,LTR,9.468942
2018-01-01T07:00:00Z,butte,Butte,PFG,32.5236313
2018-01-01T07:00:00Z,butte,Butte,SHR,8.6261564
2018-01-01T07:00:00Z,butte,Butte,TRE,21.5964456
2018-01-01T07:00:00Z,billings,Billings,AFG,16.7871293
2018-01-01T07:00:00Z,billings,Billings,BGR,7.9953954
2018-01-01T07:00:00Z,billings,Billings,LTR,7.5919795
2018-01-01T07:00:00Z,billings,Billings,PFG,39.0947777
2018-01-01T07:00:00Z,billings,Billings,SHR,8.993829
2018-01-01T07:00:00Z,billings,Billings,TRE,6.2015643
2018-01-01T07:00:00Z,dillon,Dillon,AFG,4.6336111
2018-01-01T07:00:00Z,dillon,Dillon,BGR,6.3094131
2018-01-01T07:00:00Z,dillon,Dillon,LTR,9.9984987
2018-01-01T07:00:00Z,dillon,Dillon,PFG,39.0747452
2018-01-01T07:00:00Z,dillon,Dillon,SHR,11.7988929
2018-01-01T07:00:00Z,dillon,Dillon,TRE,15.9943994
2019-01-01T07:00:00Z,missoula,Missoula,AFG,2.5519237
2019-01-01T07:00:00Z,missoula,Missoula,BGR,2.5727055
2019-01-01T07:00:00Z,missoula,Missoula,LTR,7.1409398
2019-01-01T07:00:00Z,missoula,Missoula,PFG,20.039902
2019-01-01T07:00:00Z,missoula,Missoula,SHR,4.7873199
2019-01-01T07:00:00Z,missoula,Missoula,TRE,42.1627779
2019-01-01T07:00:00Z,miles-city,Miles City,AFG,11.8483988
2019-01-01T07:00:00Z,miles-city,Miles City,BGR,7.5741707
2019-01-01T07:00:00Z,miles-city,Miles City,LTR,6.1165723
2019-01-01T07:00:00Z,miles-city,Miles City,PFG,47.900511
2019-01-01T07:00:00Z,miles-city,Miles City,SHR,6.6127596
2019-01-01T07:00:00Z,miles-city,Miles City,TRE,1.9961002
2019-01-01T07:00:00Z,lewistown,Lewistown,AFG,8.9192973
2019-01-01T07:00:00Z,lewistown,Lewistown,BGR,5.58814
2019-01-01T07:00:00Z,lewistown,Lewistown,LTR,7.3407903
2019-01-01T07:00:00Z,lewistown,Lewistown,PFG,40.0111969
2019-01-01T07:00:00Z,lewistown,Lewistown,SHR,6.3148454
2019-01-01T07:00:00Z,lewistown,Lewistown,TRE,10.1228846
2019-01-01T07:00:00Z,malta,Malta,AFG,7.525408
2019-01-01T07:00:00Z,malta,Malta,BGR,8.1896422
2019-01-01T07:00:00Z,malta,Malta,LTR,6.2398358
2019-01-01T07:00:00Z,malta,Malta,PFG,41.6659408
2019-01-01T07:00:00Z,malta,Malta,SHR,5.5180206
2019-01-01T07:00:00Z,malta,Malta,TRE,2.543454
2019-01-01T07:00:00Z,butte,Butte,AFG,3.9502234
2019-01-01T07:00:00Z,butte,Butte,BGR,4.7858997
2019-01-01T07:00:00Z,butte,Butte,LTR,9.7838487
2019-01-01T07:00:00Z,butte,Butte,PFG,32.4857334
2019-01-01T07:00:00Z,butte,Butte,SHR,8.1019314
2019-01-01T07:00:00Z,butte,Butte,TRE,23.7652907
2019-01-01T07:00:00Z,billings,Billings,AFG,11.3646884
2019-01-01T07:00:00Z,billings,Billings,BGR,7.5715984
2019-01-01T07:00:00Z,billings,Billings,LTR,8.3872749
2019-01-01T07:00:00Z,billings,Billings,PFG,43.437496
2019-01-01T07:00:00Z,billings,Billings,SHR,9.8662925
2019-01-01T07:00:00Z,billings,Billings,TRE,6.9470346
2019-01-01T07:00:00Z,dillon,Dillon,AFG,3.4819151
2019-01-01T07:00:00Z,dillon,Dillon,BGR,6.279511
2019-01-01T07:00:00Z,dillon,Dillon,LTR,10.4506964
2019-01-01T07:00:00Z,dillon,Dillon,PFG,38.7825872
2019-01-01T07:00:00Z,dillon,Dillon,SHR,11.7202963
2019-01-01T07:00:00Z,dillon,Dillon,TRE,17.5383052
2020-01-01T07:00:00Z,missoula,Missoula,AFG,2.6398834
2020-01-01T07:00:00Z,missoula,Missoula,BGR,2.2638928
2020-01-01T07:00:00Z,missoula,Missoula,LTR,6.4155556
2020-01-01T07:00:00Z,missoula,Missoula,PFG,21.2916937
2020-01-01T07:00:00Z,missoula,Missoula,SHR,4.3556444
2020-01-01T07:00:00Z,missoula,Missoula,TRE,41.9835323
2020-01-01T07:00:00Z,miles-city,Miles City,AFG,9.5019393
2020-01-01T07:00:00Z,miles-city,Miles City,BGR,6.5602144
2020-01-01T07:00:00Z,miles-city,Miles City,LTR,7.2781157
2020-01-01T07:00:00Z,miles-city,Miles City,PFG,50.8969783
2020-01-01T07:00:00Z,miles-city,Miles City,SHR,5.4876587
2020-01-01T07:00:00Z,miles-city,Miles City,TRE,2.1131153
2020-01-01T07:00:00Z,lewistown,Lewistown,AFG,7.8352132
2020-01-01T07:00:00Z,lewistown,Lewistown,BGR,5.2763256
2020-01-01T07:00:00Z,lewistown,Lewistown,LTR,7.0679525
2020-01-01T07:00:00Z,lewistown,Lewistown,PFG,41.7318748
2020-01-01T07:00:00Z,lewistown,Lewistown,SHR,5.2424254
2020-01-01T07:00:00Z,lewistown,Lewistown,TRE,9.7207748
2020-01-01T07:00:00Z,malta,Malta,AFG,5.4283431
2020-01-01T07:00:00Z,malta,Malta,BGR,7.073033
2020-01-01T07:00:00Z,malta,Malta,LTR,6.4117774
2020-01-01T07:00:00Z,malta,Malta,PFG,42.7071915
2020-01-01T07:00:00Z,malta,Malta,SHR,4.7654204
2020-01-01T07:00:00Z,malta,Malta,TRE,2.6185142
2020-01-01T07:00:00Z,butte,Butte,AFG,3.7047002
2020-01-01T07:00:00Z,butte,Butte,BGR,5.0775714
2020-01-01T07:00:00Z,butte,Butte,LTR,10.4182333
2020-01-01T07:00:00Z,butte,Butte,PFG,33.3002475
2020-01-01T07:00:00Z,butte,Butte,SHR,7.5850177
2020-01-01T07:00:00Z,butte,Butte,TRE,24.0356541
2020-01-01T07:00:00Z,billings,Billings,AFG,10.5206558
2020-01-01T07:00:00Z,billings,Billings,BGR,7.4883413
2020-01-01T07:00:00Z,billings,Billings,LTR,9.4699526
2020-01-01T07:00:00Z,billings,Billings,PFG,45.5422101
2020-01-01T07:00:00Z,billings,Billings,SHR,7.5731111
2020-01-01T07:00:00Z,billings,Billings,TRE,6.8001952
2020-01-01T07:00:00Z,dillon,Dillon,AFG,3.1385362
2020-01-01T07:00:00Z,dillon,Dillon,BGR,7.0903996
2020-01-01T07:00:00Z,dillon,Dillon,LTR,11.275028
2020-01-01T07:00:00Z,dillon,Dillon,PFG,37.5534556
2020-01-01T07:00:00Z,dillon,Dillon,SHR,11.4133366
2020-01-01T07:00:00Z,dillon,Dillon,TRE,16.9368447
2021-01-01T07:00:00Z,missoula,Missoula,AFG,2.4866559
2021-01-01T07:00:00Z,missoula,Missoula,BGR,2.3974931
2021-01-01T07:00:00Z,missoula,Missoula,LTR,6.8747713
2021-01-01T07:00:00Z,missoula,Missoula,PFG,19.7135668
2021-01-01T07:00:00Z,missoula,Missoula,SHR,4.5012885
2021-01-01T07:00:00Z,missoula,Missoula,TRE,42.8560765
2021-01-01T07:00:00Z,miles-city,Miles City,AFG,8.1493723
2021-01-01T07:00:00Z,miles-city,Miles City,BGR,10.0144048
2021-01-01T07:00:00Z,miles-city,Miles City,LTR,10.2216129
2021-01-01T07:00:00Z,miles-city,Miles City,PFG,46.7189176
2021-01-01T07:00:00Z,miles-city,Miles City,SHR,5.1385648
2021-01-01T07:00:00Z,miles-city,Miles City,TRE,1.6724258
2021-01-01T07:00:00Z,lewistown,Lewistown,AFG,6.8290456
2021-01-01T07:00:00Z,lewistown,Lewistown,BGR,6.4009682
2021-01-01T07:00:00Z,lewistown,Lewistown,LTR,8.7948754
2021-01-01T07:00:00Z,lewistown,Lewistown,PFG,41.4430613
2021-01-01T07:00:00Z,lewistown,Lewistown,SHR,4.6464732
2021-01-01T07:00:00Z,lewistown,Lewistown,TRE,9.9022438
2021-01-01T07:00:00Z,malta,Malta,AFG,5.6278696
2021-01-01T07:00:00Z,malta,Malta,BGR,8.6760577
2021-01-01T07:00:00Z,malta,Malta,LTR,7.7999702
2021-01-01T07:00:00Z,malta,Malta,PFG,41.8142296
2021-01-01T07:00:00Z,malta,Malta,SHR,4.4426244
2021-01-01T07:00:00Z,malta,Malta,TRE,2.4669575
2021-01-01T07:00:00Z,butte,Butte,AFG,3.7300332
2021-01-01T07:00:00Z,butte,Butte,BGR,5.782332
2021-01-01T07:00:00Z,butte,Butte,LTR,11.319128
2021-01-01T07:00:00Z,butte,Butte,PFG,30.9455077
2021-01-01T07:00:00Z,butte,Butte,SHR,7.8023072000000004
2021-01-01T07:00:00Z,butte,Butte,TRE,23.1959951
2021-01-01T07:00:00Z,billings,Billings,AFG,9.130599
2021-01-01T07:00:00Z,billings,Billings,BGR,10.2858419
2021-01-01T07:00:00Z,billings,Billings,LTR,11.7739502
2021-01-01T07:00:00Z,billings,Billings,PFG,42.5825527
2021-01-01T07:00:00Z,billings,Billings,SHR,6.6406298
2021-01-01T07:00:00Z,billings,Billings,TRE,6.3143979
2021-01-01T07:00:00Z,dillon,Dillon,AFG,3.0820761
2021-01-01T07:00:00Z,dillon,Dillon,BGR,8.0824567
2021-01-01T07:00:00Z,dillon,Dillon,LTR,12.1068635
2021-01-01T07:00:00Z,dillon,Dillon,PFG,34.4430158
2021-01-01T07:00:00Z,dillon,Dillon,SHR,11.7311476
2021-01-01T07:00:00Z,dillon,Dillon,TRE,16.5493673
